id,Kelp
104132818.jpg,0
104175059.jpg,0
104389990.jpg,0
104390681.jpg,0
104495093.jpg,0
104495102.jpg,0
104495119.jpg,0
104495142.jpg,0
104515530.jpg,0
104533203.jpg,0
104556559.jpg,0
104556565.jpg,0
104556572.jpg,0
104801410.jpg,0
104801426.jpg,0
104801433.jpg,0
104802769.jpg,0
104805072.jpg,1
105010557.jpg,0
105082420.jpg,0
105091796.jpg,0
105091807.jpg,0
105092357.jpg,0
105092575.jpg,1
105299372.jpg,0
105305186.jpg,0
105335204.jpg,0
105467253.jpg,0
105467258.jpg,0
105467261.jpg,0
105467270.jpg,0
105492973.jpg,0
105515777.jpg,1
105515795.jpg,0
105595366.jpg,1
105595998.jpg,0
105604292.jpg,0
105610954.jpg,0
105641512.jpg,1
105693021.jpg,0
105701416.jpg,0
105702351.jpg,0
105702765.jpg,0
105703896.jpg,0
105753366.jpg,0
105801880.jpg,0
105825487.jpg,0
105826423.jpg,0
105826427.jpg,0
105826428.jpg,0
105826430.jpg,1
105826437.jpg,0
105828259.jpg,1
105828260.jpg,0
105877361.jpg,0
105877452.jpg,0
105877464.jpg,0
105902429.jpg,0
105902431.jpg,0
105996909.jpg,0
106109717.jpg,0
106216405.jpg,1
106216415.jpg,0
106217638.jpg,0
106229425.jpg,0
106229426.jpg,0
106229433.jpg,1
106229436.jpg,0
106229442.jpg,0
106229446.jpg,0
106229455.jpg,1
106301086.jpg,0
106307218.jpg,0
106343139.jpg,0
106518626.jpg,1
106534496.jpg,0
106534506.jpg,0
106534511.jpg,0
106534518.jpg,0
106534530.jpg,0
106534542.jpg,1
106534550.jpg,1
106538631.jpg,0
106538642.jpg,1
106584417.jpg,0
106584430.jpg,0
106584433.jpg,0
106670549.jpg,0
106670753.jpg,0
106735163.jpg,1
106735164.jpg,1
106736872.jpg,1
106736879.jpg,0
106784873.jpg,0
106839656.jpg,1
106839659.jpg,0
106842588.jpg,0
106843073.jpg,0
106843074.jpg,0
106843080.jpg,0
106843081.jpg,0
106887511.jpg,0
106900845.jpg,0
106908053.jpg,0
106910405.jpg,0
106910674.jpg,0
106946487.jpg,0
106946489.jpg,0
106956293.jpg,0
106959260.jpg,0
106968741.jpg,0
106971312.jpg,0
106971319.jpg,0
106971320.jpg,0
106971326.jpg,0
106971329.jpg,0
107014514.jpg,0
107082485.jpg,0
107092731.jpg,0
107097280.jpg,0
107097290.jpg,0
107097309.jpg,0
107135505.jpg,0
107170581.jpg,1
107170591.jpg,1
107242932.jpg,0
107243028.jpg,0
107245790.jpg,1
107246769.jpg,0
107288602.jpg,0
107290876.jpg,0
107298185.jpg,0
107364154.jpg,0
107448955.jpg,1
107448966.jpg,1
107469777.jpg,0
107469782.jpg,1
107469783.jpg,1
107469789.jpg,0
107469828.jpg,0
107469833.jpg,0
107528984.jpg,0
107528992.jpg,0
107528994.jpg,0
107737252.jpg,0
107737281.jpg,0
107737282.jpg,0
107754007.jpg,0
107754141.jpg,0
107837871.jpg,0
107941205.jpg,0
107941210.jpg,0
108216086.jpg,0
108236343.jpg,0
108275303.jpg,0
108357916.jpg,1
108549991.jpg,0
108550023.jpg,0
108623094.jpg,0
108645352.jpg,0
108841346.jpg,0
108932149.jpg,0
108981737.jpg,0
108981814.jpg,0
108996384.jpg,0
108996385.jpg,0
108996404.jpg,1
108996406.jpg,0
108996421.jpg,0
109275025.jpg,1
109275030.jpg,0
109275031.jpg,0
109313660.jpg,0
109346552.jpg,0
109419883.jpg,0
109420011.jpg,0
109420046.jpg,0
109420850.jpg,0
109420966.jpg,0
109421245.jpg,0
109421388.jpg,0
109433054.jpg,0
109433101.jpg,0
109433121.jpg,0
109433319.jpg,0
109517547.jpg,0
109517557.jpg,0
109517572.jpg,0
109517573.jpg,0
109533706.jpg,0
109623488.jpg,0
109623493.jpg,0
109623495.jpg,0
109624540.jpg,0
109631915.jpg,0
109708098.jpg,0
109708379.jpg,0
109708505.jpg,0
109711670.jpg,0
109828330.jpg,0
109828332.jpg,0
109896670.jpg,0
109896674.jpg,0
109902185.jpg,0
109975122.jpg,1
109975131.jpg,0
110250121.jpg,0
110250129.jpg,0
110250136.jpg,0
110623625.jpg,0
110624660.jpg,0
110822338.jpg,0
110822340.jpg,0
110835360.jpg,0
110835731.jpg,1
110905212.jpg,0
111277934.jpg,0
111628204.jpg,0
111849308.jpg,0
112089616.jpg,0
112133557.jpg,1
112142523.jpg,1
112461820.jpg,0
112461824.jpg,0
112461835.jpg,0
112484306.jpg,0
112484325.jpg,0
112493407.jpg,0
112493419.jpg,0
112497914.jpg,0
112497917.jpg,0
112499439.jpg,1
112801502.jpg,0
112801505.jpg,0
112806710.jpg,0
112808553.jpg,0
112811218.jpg,0
112814656.jpg,0
112815033.jpg,0
112815348.jpg,0
112815679.jpg,0
112938590.jpg,0
113050799.jpg,0
113050801.jpg,0
113050807.jpg,0
113050808.jpg,0
113050838.jpg,0
113296184.jpg,0
113625609.jpg,0
113629803.jpg,0
113635673.jpg,0
113635698.jpg,0
113635731.jpg,0
113635778.jpg,1
113635825.jpg,0
113756909.jpg,0
113759785.jpg,0
114119440.jpg,0
114119497.jpg,0
114119513.jpg,0
114146892.jpg,0
114165205.jpg,1
114181498.jpg,0
114194483.jpg,0
114467626.jpg,1
114618434.jpg,1
114618441.jpg,0
114618451.jpg,0
114634473.jpg,0
114668604.jpg,1
115085182.jpg,0
115085225.jpg,0
115085253.jpg,0
115085261.jpg,0
115085299.jpg,0
115085311.jpg,0
115085317.jpg,0
115085319.jpg,0
115085321.jpg,0
115305732.jpg,0
115307611.jpg,0
115309889.jpg,0
115309894.jpg,0
115309896.jpg,0
115324546.jpg,0
115324548.jpg,0
115348675.jpg,0
115353011.jpg,0
115494550.jpg,0
115540701.jpg,0
115548440.jpg,0
115635127.jpg,0
115692859.jpg,0
115721856.jpg,1
115811985.jpg,0
115987068.jpg,0
116039375.jpg,0
116043252.jpg,0
116046282.jpg,0
116050866.jpg,0
116050925.jpg,0
116052646.jpg,0
116055738.jpg,1
116055999.jpg,0
116065142.jpg,0
116392346.jpg,0
116937513.jpg,0
116937528.jpg,0
116940016.jpg,0
117090353.jpg,0
117545131.jpg,1
117545137.jpg,0
117545139.jpg,0
117545156.jpg,0
117548443.jpg,0
117557636.jpg,0
117557637.jpg,0
117573847.jpg,0
117574630.jpg,0
117687970.jpg,0
117971659.jpg,0
117971660.jpg,1
119023492.jpg,0
119023979.jpg,0
119210589.jpg,0
119396690.jpg,0
120129219.jpg,1
120129220.jpg,0
120129223.jpg,0
120598127.jpg,1
120598143.jpg,1
120640536.jpg,0
120640894.jpg,0
120641933.jpg,0
120796732.jpg,0
120944609.jpg,0
120944621.jpg,0
120944638.jpg,0
121380098.jpg,0
122087917.jpg,0
122113624.jpg,0
122598078.jpg,0
122598099.jpg,1
122598105.jpg,1
122598115.jpg,0
122599678.jpg,0
122918982.jpg,0
123018026.jpg,0
123056216.jpg,0
123056219.jpg,0
123056224.jpg,0
123188330.jpg,0
123205289.jpg,0
123205290.jpg,0
123205294.jpg,0
123205295.jpg,0
123307335.jpg,0
123356317.jpg,0
123357002.jpg,0
123357753.jpg,0
123472620.jpg,0
123485132.jpg,0
123505956.jpg,0
123508285.jpg,0
123509214.jpg,0
123509288.jpg,1
123509860.jpg,1
123625810.jpg,1
123629969.jpg,0
123654750.jpg,0
123655825.jpg,0
123655826.jpg,0
123794166.jpg,1
123795196.jpg,0
123795200.jpg,0
123795206.jpg,0
123815108.jpg,1
123815110.jpg,0
123815119.jpg,1
123933612.jpg,0
123935346.jpg,0
124199233.jpg,0
124200498.jpg,0
124213922.jpg,0
124213925.jpg,0
124213928.jpg,0
124213931.jpg,0
124213943.jpg,0
124219441.jpg,0
124219442.jpg,0
124219458.jpg,0
124219464.jpg,0
124219465.jpg,0
124225576.jpg,0
124226542.jpg,0
124297450.jpg,0
124332233.jpg,0
124493708.jpg,0
124502245.jpg,0
124502256.jpg,0
124502257.jpg,0
124519880.jpg,0
124523164.jpg,0
124523547.jpg,0
124587691.jpg,0
124598293.jpg,0
124697922.jpg,0
124832562.jpg,0
124870881.jpg,1
125095231.jpg,0
125587865.jpg,0
125588177.jpg,0
125596905.jpg,0
126612281.jpg,0
126612563.jpg,0
127060053.jpg,0
128254663.jpg,0
129133724.jpg,0
129531846.jpg,0
129532347.jpg,0
129533853.jpg,0
129534695.jpg,0
129535160.jpg,0
129768564.jpg,1
129781819.jpg,0
129877143.jpg,0
129935170.jpg,0
130332596.jpg,0
130343117.jpg,0
130345573.jpg,0
130580128.jpg,0
130685889.jpg,0
130685892.jpg,0
130914656.jpg,0
130915136.jpg,0
131169880.jpg,0
131170076.jpg,0
131539048.jpg,0
131539291.jpg,0
131539482.jpg,0
131547833.jpg,0
131561115.jpg,0
131671346.jpg,0
131671347.jpg,0
132095072.jpg,0
132212078.jpg,0
132212418.jpg,0
132373016.jpg,0
132373163.jpg,0
132499080.jpg,0
132499083.jpg,1
132516661.jpg,0
132516666.jpg,0
132524959.jpg,0
132526060.jpg,0
132526088.jpg,0
132528202.jpg,0
132573107.jpg,0
132723388.jpg,0
132802546.jpg,0
132917300.jpg,1
133060328.jpg,0
133067828.jpg,0
133153504.jpg,0
133154132.jpg,0
133155516.jpg,0
133155964.jpg,0
133157048.jpg,0
133172235.jpg,0
133172239.jpg,0
133175947.jpg,0
133176115.jpg,0
133176684.jpg,0
133201322.jpg,0
133201326.jpg,0
133324642.jpg,0
133420632.jpg,0
133450493.jpg,0
133513551.jpg,0
133513556.jpg,0
134154422.jpg,0
134164838.jpg,0
134233337.jpg,0
134242496.jpg,0
134242981.jpg,0
134267577.jpg,0
134374638.jpg,0
134400656.jpg,0
134404111.jpg,0
134511646.jpg,0
134512196.jpg,0
134544245.jpg,0
134550744.jpg,0
134650302.jpg,0
134709378.jpg,1
134717443.jpg,0
134717449.jpg,0
134717465.jpg,0
134717475.jpg,0
134829333.jpg,0
134830282.jpg,0
134831623.jpg,0
134832777.jpg,0
135090068.jpg,0
135090072.jpg,0
135090095.jpg,1
135090096.jpg,0
135477739.jpg,0
135477747.jpg,0
135478369.jpg,0
135491317.jpg,1
135492188.jpg,0
135492472.jpg,0
135606606.jpg,0
135606624.jpg,0
135606634.jpg,0
135647634.jpg,0
135752520.jpg,1
135854089.jpg,0
135854200.jpg,0
135864782.jpg,0
135995377.jpg,0
136126940.jpg,0
136346809.jpg,0
136346814.jpg,0
136404705.jpg,1
136556158.jpg,0
136662438.jpg,0
136662446.jpg,0
136662562.jpg,0
136662564.jpg,0
136662569.jpg,0
136673753.jpg,0
137257444.jpg,0
137358205.jpg,0
137390094.jpg,0
137407765.jpg,1
137509047.jpg,0
137509048.jpg,0
137944756.jpg,0
137949009.jpg,0
138490388.jpg,0
138491178.jpg,0
138491180.jpg,0
138491197.jpg,0
138491199.jpg,0
138564103.jpg,0
138683634.jpg,0
138683636.jpg,0
138683648.jpg,0
138770102.jpg,0
138811453.jpg,0
138925283.jpg,0
139178763.jpg,0
139187945.jpg,0
139189456.jpg,0
139189540.jpg,0
139401197.jpg,0
139512677.jpg,0
139574467.jpg,0
139575608.jpg,0
139593229.jpg,0
139593241.jpg,0
139941798.jpg,0
140112393.jpg,0
140112411.jpg,0
140112413.jpg,0
140112423.jpg,0
140214510.jpg,0
140214512.jpg,0
140214520.jpg,0
140232142.jpg,0
140302918.jpg,1
140302923.jpg,0
140302947.jpg,1
140318738.jpg,0
140318740.jpg,0
140318745.jpg,0
140318746.jpg,0
140318747.jpg,0
140318748.jpg,0
140457245.jpg,0
140468657.jpg,0
140474083.jpg,1
140492515.jpg,1
140492552.jpg,0
140492620.jpg,0
140582889.jpg,0
140603471.jpg,1
140603478.jpg,0
140605905.jpg,1
140605908.jpg,0
140611725.jpg,0
140611736.jpg,0
140611751.jpg,1
140620780.jpg,0
140620784.jpg,0
140620814.jpg,0
140620820.jpg,0
140620821.jpg,0
140620830.jpg,0
140620834.jpg,0
140620836.jpg,0
140637640.jpg,0
140637645.jpg,1
140637649.jpg,0
140637652.jpg,0
140693352.jpg,0
140823839.jpg,0
141036293.jpg,0
141036302.jpg,0
141103474.jpg,0
141103475.jpg,1
141103477.jpg,0
141103684.jpg,0
141103692.jpg,0
141104588.jpg,0
141104591.jpg,0
141134285.jpg,1
141134777.jpg,0
141140760.jpg,0
141145607.jpg,0
141145673.jpg,0
141500221.jpg,1
141503684.jpg,1
141503854.jpg,1
141522559.jpg,1
141674273.jpg,0
141938235.jpg,0
142061415.jpg,0
142102070.jpg,0
142102072.jpg,0
142102087.jpg,0
142336040.jpg,0
142434637.jpg,0
142434648.jpg,0
142800831.jpg,1
142800844.jpg,1
142965912.jpg,0
142965913.jpg,1
142968356.jpg,0
143170621.jpg,0
143251801.jpg,0
143251812.jpg,0
143251826.jpg,0
143251831.jpg,0
143421397.jpg,0
143487207.jpg,0
143526963.jpg,0
143553052.jpg,0
143553053.jpg,0
143553059.jpg,0
143715415.jpg,0
143715474.jpg,0
144035906.jpg,0
144126437.jpg,0
144193016.jpg,0
144193947.jpg,0
144193955.jpg,1
144262878.jpg,0
144339454.jpg,0
144339465.jpg,0
144339468.jpg,0
144339475.jpg,0
144340817.jpg,0
144342232.jpg,0
144352348.jpg,0
144352349.jpg,0
144408403.jpg,0
144575768.jpg,1
144575774.jpg,0
144577051.jpg,0
144664819.jpg,1
144664831.jpg,0
144665020.jpg,0
144722103.jpg,1
144766266.jpg,0
144776227.jpg,0
144776228.jpg,0
144776231.jpg,0
144903639.jpg,0
144904142.jpg,0
144904180.jpg,0
144907861.jpg,0
144955225.jpg,1
144960652.jpg,0
144960917.jpg,1
145082379.jpg,1
145097071.jpg,0
145099131.jpg,0
145099148.jpg,0
145099151.jpg,0
145154010.jpg,0
145163731.jpg,0
145173834.jpg,0
145175311.jpg,0
145236952.jpg,0
145257854.jpg,0
145259149.jpg,1
145300600.jpg,0
145307151.jpg,0
145311239.jpg,1
145312322.jpg,0
145312325.jpg,0
145312327.jpg,0
145315334.jpg,0
145328171.jpg,0
145328533.jpg,0
145329321.jpg,0
145391855.jpg,0
145393111.jpg,0
145401221.jpg,0
145413249.jpg,0
145418267.jpg,0
145418271.jpg,0
145418272.jpg,0
145418273.jpg,0
145418284.jpg,1
145418752.jpg,0
145444845.jpg,0
145484219.jpg,0
145484227.jpg,0
145547780.jpg,0
145552765.jpg,0
145565408.jpg,1
145565445.jpg,0
145626414.jpg,0
145776700.jpg,1
145814772.jpg,0
145874187.jpg,0
145875632.jpg,0
145876117.jpg,0
145884782.jpg,0
145932622.jpg,0
145933736.jpg,0
145934377.jpg,0
146311728.jpg,0
146700790.jpg,0
146702741.jpg,1
146702748.jpg,1
146738481.jpg,0
146738503.jpg,1
146738522.jpg,1
147256473.jpg,0
147289679.jpg,0
147365594.jpg,0
147365605.jpg,0
147365627.jpg,0
147365632.jpg,0
147447803.jpg,0
147448000.jpg,0
147522291.jpg,1
147526705.jpg,1
148888152.jpg,0
148889143.jpg,1
148994136.jpg,0
153922391.jpg,0
153927180.jpg,0
153932539.jpg,0
153933129.jpg,0
155869452.jpg,0
155869919.jpg,0
156154244.jpg,1
156555030.jpg,0
156555230.jpg,0
156556679.jpg,0
156850067.jpg,0
156850193.jpg,0
157845632.jpg,0
157909702.jpg,0
157911617.jpg,0
158013486.jpg,0
158013795.jpg,0
160207584.jpg,0
160209784.jpg,0
160217566.jpg,0
161530517.jpg,0
67739105.jpg,0
67783106.jpg,0
67783122.jpg,0
68073951.jpg,0
68093621.jpg,1
68093622.jpg,0
68093633.jpg,0
68127343.jpg,0
68127344.jpg,0
68127375.jpg,0
68175766.jpg,0
68392978.jpg,0
68392983.jpg,0
68392992.jpg,0
68576263.jpg,1
68620313.jpg,0
68620434.jpg,1
68620619.jpg,1
68620905.jpg,1
69190829.jpg,1
69336693.jpg,0
69425587.jpg,1
69425588.jpg,1
70651745.jpg,0
70849223.jpg,0
71452040.jpg,0
71606049.jpg,0
72251767.jpg,0
72749618.jpg,0
72936681.jpg,0
74694603.jpg,0
76713882.jpg,0
76713916.jpg,0
76713941.jpg,0
76815522.jpg,0
79112679.jpg,0
79112710.jpg,0
79112712.jpg,0
80860736.jpg,0
80860748.jpg,0
80860751.jpg,0
80860752.jpg,0
81015545.jpg,1
85032589.jpg,0
85032612.jpg,0
87837291.jpg,0
87974134.jpg,0
91227522.jpg,0
91510911.jpg,0
91801839.jpg,0
91930990.jpg,0
92033402.jpg,0
92552046.jpg,0
94792518.jpg,0
94792627.jpg,0
95937316.jpg,0
99176118.jpg,0
99687061.jpg,0
99687062.jpg,1
99687064.jpg,0
99687068.jpg,0
99687069.jpg,0
100213090.jpg,0
101071464.jpg,1
101075375.jpg,1
101177419.jpg,0
101212288.jpg,1
101247417.jpg,0
101247423.jpg,0
101247431.jpg,0
102342400.jpg,0
102647268.jpg,0
102647274.jpg,0
103340464.jpg,0
103340467.jpg,0
103340474.jpg,1
103340476.jpg,0
105299376.jpg,0
105299378.jpg,1
105299380.jpg,1
105299386.jpg,0
105402321.jpg,1
105465643.jpg,0
105465686.jpg,1
105824314.jpg,1
106302344.jpg,0
106302355.jpg,0
106308958.jpg,0
106308960.jpg,0
106310811.jpg,0
106534498.jpg,1
106534500.jpg,0
106534510.jpg,0
106534513.jpg,0
106534516.jpg,0
106534526.jpg,0
106534532.jpg,0
106534545.jpg,0
106534546.jpg,0
106534557.jpg,1
106736881.jpg,0
107300085.jpg,1
107364155.jpg,0
107364162.jpg,1
107364169.jpg,0
107528987.jpg,0
109533669.jpg,0
109533676.jpg,0
109533690.jpg,0
110552816.jpg,1
111906466.jpg,0
112807150.jpg,0
114147713.jpg,1
114147947.jpg,0
114494780.jpg,0
115688004.jpg,0
117090338.jpg,0
117090349.jpg,0
117090350.jpg,0
117090363.jpg,0
117090370.jpg,0
117090372.jpg,0
117545155.jpg,1
117545158.jpg,1
117545177.jpg,0
117545178.jpg,0
121343587.jpg,0
124797598.jpg,0
132519956.jpg,0
133431041.jpg,0
133449875.jpg,0
133449945.jpg,1
133450344.jpg,0
134374777.jpg,0
138939199.jpg,0
138939200.jpg,0
138939202.jpg,0
138939204.jpg,0
138945977.jpg,1
139313082.jpg,0
141252174.jpg,0
141252178.jpg,0
141252179.jpg,0
141253931.jpg,0
141671115.jpg,0
142024951.jpg,0
142800834.jpg,0
142800853.jpg,0
142800854.jpg,0
142800868.jpg,1
142887732.jpg,0
143158617.jpg,0
143165390.jpg,0
143350170.jpg,0
143350175.jpg,1
143350187.jpg,0
144720972.jpg,0
145160179.jpg,1
145629249.jpg,0
145629252.jpg,1
146109361.jpg,0
146109362.jpg,1
146109369.jpg,0
146109371.jpg,1
146109372.jpg,1
146194028.jpg,0
146195997.jpg,0
146200221.jpg,0
146201979.jpg,0
146203371.jpg,0
146203495.jpg,0
146452500.jpg,1
146519576.jpg,0
146671015.jpg,0
146749321.jpg,0
147087685.jpg,0
147088720.jpg,0
147451962.jpg,0
147688230.jpg,1
147691959.jpg,0
147755231.jpg,0
147757010.jpg,0
148086623.jpg,0
148088154.jpg,0
148510234.jpg,1
148510235.jpg,0
148510238.jpg,1
148510242.jpg,1
148878663.jpg,0
148956017.jpg,1
149394816.jpg,0
149394821.jpg,0
149394827.jpg,0
149394831.jpg,0
149394841.jpg,0
149394846.jpg,0
149395182.jpg,0
150475955.jpg,0
150515482.jpg,0
150515540.jpg,1
150516347.jpg,0
150516405.jpg,0
150516528.jpg,0
150516634.jpg,0
150532417.jpg,0
150532840.jpg,1
150532914.jpg,1
150983758.jpg,0
150996152.jpg,0
150996824.jpg,0
151006649.jpg,0
151007926.jpg,0
151008443.jpg,0
151187928.jpg,1
151187930.jpg,0
151585231.jpg,0
151903693.jpg,0
151903694.jpg,0
152211012.jpg,0
152329535.jpg,0
152600499.jpg,0
153135055.jpg,0
153135057.jpg,0
153536894.jpg,0
153536904.jpg,0
153536912.jpg,0
153536923.jpg,0
153538540.jpg,0
153538542.jpg,0
153538546.jpg,0
153538547.jpg,0
153642915.jpg,0
153643082.jpg,0
154085435.jpg,0
154085441.jpg,1
154694526.jpg,0
154694535.jpg,0
154694536.jpg,0
154694537.jpg,0
154694540.jpg,0
154694549.jpg,0
154694551.jpg,0
154779908.jpg,0
154779911.jpg,0
156200574.jpg,0
156391552.jpg,0
156697459.jpg,0
156716210.jpg,0
159829371.jpg,0
160037938.jpg,0
160039623.jpg,0
160040613.jpg,0
160040879.jpg,0
160041357.jpg,1
160042793.jpg,0
162631480.jpg,0
162631490.jpg,0
162631496.jpg,0
162631499.jpg,0
162859629.jpg,0
163283284.jpg,0
163283305.jpg,0
163637081.jpg,0
164149480.jpg,1
166956177.jpg,0
166956322.jpg,0
166956496.jpg,0
166956675.jpg,0
166957485.jpg,0
166957640.jpg,0
166958012.jpg,1
166960625.jpg,0
166960876.jpg,0
169848217.jpg,0
169849267.jpg,0
67445778.jpg,0
67445779.jpg,0
67445782.jpg,1
70245784.jpg,0
70245790.jpg,1
70245791.jpg,0
71197801.jpg,1
71198162.jpg,1
71358372.jpg,0
71388631.jpg,0
71414033.jpg,0
71473419.jpg,0
72241556.jpg,0
72241558.jpg,1
72241563.jpg,1
72673782.jpg,0
73176267.jpg,0
73442521.jpg,0
73442572.jpg,0
73442579.jpg,0
73442581.jpg,0
73442601.jpg,0
73442624.jpg,0
73442626.jpg,0
73442665.jpg,0
73442693.jpg,0
73464611.jpg,1
73464638.jpg,0
73464709.jpg,0
73464710.jpg,1
73469204.jpg,0
73469205.jpg,0
73469208.jpg,0
73469209.jpg,1
73469211.jpg,1
73469212.jpg,0
73473745.jpg,0
73473758.jpg,1
73473765.jpg,0
73473769.jpg,1
73473776.jpg,1
73473777.jpg,0
73473782.jpg,1
73473784.jpg,1
73563820.jpg,1
73563837.jpg,0
73563841.jpg,0
73563883.jpg,1
73563885.jpg,1
73585230.jpg,1
73585231.jpg,1
73585274.jpg,0
73607076.jpg,0
73607091.jpg,0
73607102.jpg,0
73607104.jpg,0
73607117.jpg,0
73607130.jpg,0
73607145.jpg,0
73607146.jpg,0
73729015.jpg,0
73729016.jpg,0
73729021.jpg,0
73729023.jpg,0
79235163.jpg,0
84164102.jpg,0
84164106.jpg,1
84164111.jpg,0
95827659.jpg,1
95827661.jpg,1
95827664.jpg,1
97751054.jpg,1
97756212.jpg,0
97756213.jpg,0
101751389.jpg,1
101751396.jpg,1
102049837.jpg,0
102557202.jpg,0
102557214.jpg,0
103266917.jpg,1
103266927.jpg,1
103266929.jpg,1
104511589.jpg,1
104511590.jpg,1
104511593.jpg,0
104514270.jpg,0
104553830.jpg,0
104557736.jpg,1
105422697.jpg,0
105423348.jpg,0
105825379.jpg,0
105902427.jpg,0
105902430.jpg,1
105902432.jpg,0
106101142.jpg,0
106101607.jpg,0
106231262.jpg,1
106231761.jpg,0
106419347.jpg,1
106419461.jpg,0
106419849.jpg,0
106429028.jpg,1
106734402.jpg,1
106734431.jpg,0
106735149.jpg,0
106735158.jpg,0
106910406.jpg,1
106910407.jpg,1
106910408.jpg,1
106910411.jpg,0
106910666.jpg,1
106910668.jpg,0
106910672.jpg,0
106910673.jpg,0
107448956.jpg,1
107448958.jpg,1
107932606.jpg,1
108220238.jpg,0
108222067.jpg,0
108357918.jpg,0
108357923.jpg,1
108645344.jpg,1
108645348.jpg,0
108645349.jpg,1
108645350.jpg,1
108645351.jpg,1
108645537.jpg,1
108645538.jpg,1
108923053.jpg,1
108923054.jpg,0
108923056.jpg,0
108923057.jpg,0
110819141.jpg,1
112484313.jpg,1
112484315.jpg,1
112484317.jpg,0
112484319.jpg,0
112484323.jpg,0
113285580.jpg,0
129133700.jpg,0
136252670.jpg,0
136252958.jpg,0
141134288.jpg,0
144193933.jpg,0
144193944.jpg,1
144193954.jpg,1
145240057.jpg,0
145413252.jpg,0
145816643.jpg,0
146018915.jpg,0
146263793.jpg,0
146492122.jpg,0
146779874.jpg,0
146780045.jpg,0
146950187.jpg,0
146950190.jpg,0
146950196.jpg,0
147869836.jpg,0
147872181.jpg,0
147872185.jpg,0
147872186.jpg,0
147872201.jpg,0
147873775.jpg,0
148597995.jpg,1
148598010.jpg,0
148598013.jpg,1
148598019.jpg,1
148598021.jpg,0
148598025.jpg,0
148598026.jpg,0
149222556.jpg,0
149222557.jpg,1
149222558.jpg,1
150479686.jpg,1
150997154.jpg,1
150997155.jpg,0
150997156.jpg,0
150997160.jpg,1
150997167.jpg,1
161575284.jpg,1
161575285.jpg,1
161575286.jpg,1
161575289.jpg,0
104175027.jpg,0
104329672.jpg,0
104693631.jpg,0
105010560.jpg,0
105015030.jpg,0
105299382.jpg,0
105306572.jpg,0
105515784.jpg,0
105604291.jpg,0
105701419.jpg,0
105902435.jpg,0
106012292.jpg,0
106216410.jpg,0
106430463.jpg,0
106597419.jpg,0
106739490.jpg,0
106739675.jpg,0
107021348.jpg,0
107237275.jpg,0
107240665.jpg,0
107240689.jpg,0
107285354.jpg,0
107932605.jpg,0
108220245.jpg,0
108417346.jpg,0
108550013.jpg,0
108996419.jpg,0
108996420.jpg,0
109275008.jpg,0
109325706.jpg,0
109346568.jpg,0
109349642.jpg,0
109359047.jpg,0
109420934.jpg,0
109421076.jpg,0
109433719.jpg,0
109902196.jpg,0
110063035.jpg,0
110524781.jpg,0
110524979.jpg,0
110637584.jpg,0
112254381.jpg,0
112504517.jpg,0
112655249.jpg,0
112660618.jpg,0
112956010.jpg,0
115085232.jpg,0
115687978.jpg,0
116247426.jpg,0
116937535.jpg,0
117093827.jpg,0
117114031.jpg,0
117545162.jpg,0
117548453.jpg,0
118740615.jpg,0
119199133.jpg,0
119387901.jpg,0
120129208.jpg,0
120640898.jpg,0
120944617.jpg,0
122096712.jpg,0
122798775.jpg,0
123017933.jpg,0
123017948.jpg,0
123017951.jpg,0
123018028.jpg,0
123462656.jpg,0
123655019.jpg,0
123655841.jpg,0
123815135.jpg,0
124528374.jpg,0
124528585.jpg,0
124583676.jpg,0
128953100.jpg,0
129536707.jpg,0
130341927.jpg,0
131557211.jpg,0
132139915.jpg,0
132526040.jpg,0
132528209.jpg,0
133322417.jpg,0
134157255.jpg,0
134267661.jpg,0
135090086.jpg,0
136408995.jpg,0
138770100.jpg,0
138919952.jpg,0
139203169.jpg,0
139215343.jpg,0
139295859.jpg,0
139396665.jpg,0
140300578.jpg,0
141103685.jpg,0
142322825.jpg,0
142965920.jpg,0
143251834.jpg,0
143543851.jpg,0
143553055.jpg,0
143850017.jpg,0
144340809.jpg,0
144340814.jpg,0
144342229.jpg,0
144349418.jpg,0
144462986.jpg,0
144766278.jpg,0
144782013.jpg,0
144907688.jpg,0
144977439.jpg,0
145160177.jpg,0
145170391.jpg,0
145257852.jpg,0
145315355.jpg,0
145413250.jpg,0
145421785.jpg,0
145421810.jpg,0
145444863.jpg,0
148677696.jpg,0
152593741.jpg,0
156849999.jpg,0
160216774.jpg,0
161214378.jpg,0
161215650.jpg,0
67548120.jpg,0
69486867.jpg,0
70357788.jpg,0
70372224.jpg,0
70491032.jpg,0
72653587.jpg,0
72984434.jpg,0
79112659.jpg,0
80860745.jpg,0
85032571.jpg,0
88090404.jpg,0
89420665.jpg,0
89874196.jpg,0
91579835.jpg,0
91603996.jpg,0
99687080.jpg,0
103615596.jpg,0
104092119.jpg,0
104251150.jpg,0
105306321.jpg,0
105306438.jpg,0
106310891.jpg,0
107875703.jpg,0
108566191.jpg,0
110648017.jpg,0
112239327.jpg,0
112468720.jpg,0
116364163.jpg,0
116366730.jpg,0
119511642.jpg,0
130887609.jpg,0
134276479.jpg,0
134710292.jpg,0
134710611.jpg,0
143021974.jpg,0
143350190.jpg,0
143413587.jpg,0
143416250.jpg,0
143681224.jpg,0
146656488.jpg,0
147485615.jpg,0
148883354.jpg,0
149394842.jpg,0
151794428.jpg,0
151877210.jpg,0
152118263.jpg,0
153540691.jpg,0
154231974.jpg,0
154232374.jpg,0
154232427.jpg,0
154232669.jpg,0
154232733.jpg,0
156317317.jpg,0
161189741.jpg,0
71473679.jpg,0
72002323.jpg,0
73563880.jpg,0
73607154.jpg,0
75719676.jpg,0
107002817.jpg,0
111086596.jpg,0
111086673.jpg,0
111880348.jpg,0
112780597.jpg,0
141134271.jpg,0
141134279.jpg,0
145413240.jpg,0
146018920.jpg,0
146779408.jpg,0
149791675.jpg,0
149888012.jpg,0
150479784.jpg,0
155672478.jpg,0
160721507.jpg,0
AlexArriola13.jpg,1
AlexArriola23.jpg,1
AlexArriola26.jpg,1
AlexArriola36.jpg,1
AlexArriola39.jpg,1
AlexArriola50.jpg,1
AlexArriola56.jpg,1
AlexArriola66.jpg,0
AlexArriola72.jpg,1
AlexArriola82.jpg,1
AlexArriola94.jpg,1
AlexArriola96.jpg,1
AlonyaCullinan116.jpg,0
AlonyaCullinan117.jpg,1
AlonyaCullinan118.jpg,1
AlonyaCullinan120.jpg,1
AlonyaCullinan121.jpg,0
AlonyaCullinan128.jpg,1
AlonyaCullinan131.jpg,1
AlonyaCullinan132.jpg,1
AlonyaCullinan133.jpg,1
AlonyaCullinan155.jpg,0
AlonyaCullinan173.jpg,0
AlonyaCullinan174.jpg,0
AlonyaCullinan176.jpg,0
AlonyaCullinan177.jpg,0
AmandaCarroll178.jpg,0
AmandaCarroll180.jpg,0
AmandaCarroll183.jpg,0
AmandaCarroll186.jpg,0
AmandaCarroll196.jpg,0
AmandaCarroll201.jpg,0
AmandaCarroll202.jpg,1
AmandaCarroll205.jpg,1
AmandaCarroll207.jpg,1
AmandaCarroll210.jpg,1
AmandaCarroll211.jpg,0
AmandaCarroll213.jpg,0
AmandaCarroll217.jpg,0
AmandaCarroll218.jpg,1
AmandaCarroll219.jpg,1
AmandaCarroll221.jpg,0
AmandaCarroll223.jpg,1
AmandaCarroll234.jpg,0
AmandaCarroll238.jpg,0
AmandaCarroll249.jpg,1
AmandaCarroll250.jpg,0
AmandaCarroll251.jpg,0
AmandaCarroll252.jpg,1
AmandaCarroll254.jpg,1
AmandaCarroll256.jpg,0
AmandaCarroll259.jpg,1
AmandaCarroll264.jpg,1
AmandaCarroll267.jpg,0
AmandaCarroll268.jpg,1
AmandaCarroll269.jpg,1
AndrewTrevorJones271.jpg,0
AndrewTrevorJones272.jpg,0
AndrewTrevorJones273.jpg,0
AndrewTrevorJones274.jpg,0
AndrewTrevorJones275.jpg,0
AndrewTrevorJones276.jpg,0
AndrewTrevorJones277.jpg,1
AndrewTrevorJones279.jpg,0
AndrewTrevorJones281.jpg,0
AndrewTrevorJones282.jpg,0
AndrewTrevorJones284.jpg,0
AndrewTrevorJones287.jpg,0
AndrewTrevorJones288.jpg,0
AndrewTrevorJones289.jpg,0
AndrewTrevorJones291.jpg,0
AndrewTrevorJones293.jpg,0
AndrewTrevorJones294.jpg,0
AndrewTrevorJones295.jpg,0
AndrewTrevorJones297.jpg,0
AndrewTrevorJones299.jpg,0
AndrewTrevorJones300.jpg,0
AndrewTrevorJones301.jpg,0
AndrewTrevorJones304.jpg,0
AndrewTrevorJones305.jpg,0
AndrewTrevorJones307.jpg,0
AndrewTrevorJones311.jpg,1
AndrewTrevorJones312.jpg,0
AndrewTrevorJones314.jpg,1
AndrewTrevorJones315.jpg,0
AndrewTrevorJones318.jpg,1
AndrewTrevorJones319.jpg,0
AndrewTrevorJones320.jpg,0
AndrewTrevorJones323.jpg,0
AndrewTrevorJones326.jpg,0
AndrewTrevorJones328.jpg,0
AndrewTrevorJones329.jpg,0
AndrewTrevorJones330.jpg,0
AndrewTrevorJones331.jpg,0
AndrewTrevorJones333.jpg,0
AndrewTrevorJones334.jpg,1
AndrewTrevorJones335.jpg,1
AndrewTrevorJones337.jpg,0
AndrewTrevorJones338.jpg,0
AndrewTrevorJones339.jpg,1
AndrewTrevorJones340.jpg,0
AndrewTrevorJones343.jpg,0
AndrewTrevorJones344.jpg,0
AndrewTrevorJones345.jpg,0
AndrewTrevorJones346.jpg,0
AndrewTrevorJones348.jpg,0
AndrewTrevorJones349.jpg,0
AndrewTrevorJones350.jpg,0
AndrewTrevorJones353.jpg,0
AndrewTrevorJones354.jpg,0
AndrewTrevorJones355.jpg,1
AndrewTrevorJones356.jpg,1
AndrewTrevorJones357.jpg,0
AndrewTrevorJones359.jpg,0
AndrewTrevorJones360.jpg,0
AndrewTrevorJones361.jpg,0
AndrewTrevorJones363.jpg,1
AndrewTrevorJones364.jpg,1
AndrewTrevorJones365.jpg,1
AndrewTrevorJones366.jpg,1
AndrewTrevorJones367.jpg,1
AndrewTrevorJones372.jpg,0
AndrewTrevorJones373.jpg,0
AndrewTrevorJones376.jpg,0
AndrewTrevorJones377.jpg,0
AndrewTrevorJones379.jpg,0
AndrewTrevorJones380.jpg,0
AndrewTrevorJones381.jpg,1
AndrewTrevorJones383.jpg,0
AndrewTrevorJones384.jpg,0
AndrewTrevorJones387.jpg,1
AndrewTrevorJones388.jpg,0
AndrewTrevorJones390.jpg,0
AndrewTrevorJones391.jpg,1
AndrewTrevorJones392.jpg,0
AndrewTrevorJones393.jpg,0
AndrewTrevorJones394.jpg,1
AndrewTrevorJones395.jpg,0
AndrewTrevorJones396.jpg,0
AndrewTrevorJones397.jpg,0
AndrewTrevorJones400.jpg,0
AndrewTrevorJones401.jpg,0
AndrewTrevorJones404.jpg,0
AndrewTrevorJones405.jpg,0
AndrewTrevorJones406.jpg,0
AndrewTrevorJones407.jpg,0
AndrewTrevorJones408.jpg,1
AndrewTrevorJones410.jpg,0
AndrewTrevorJones411.jpg,0
AndrewTrevorJones413.jpg,0
AndrewTrevorJones414.jpg,0
AndrewTrevorJones415.jpg,0
AndrewTrevorJones419.jpg,0
AndrewTrevorJones422.jpg,0
AndrewTrevorJones423.jpg,0
AndrewTrevorJones426.jpg,0
AndrewTrevorJones427.jpg,0
AndrewTrevorJones428.jpg,0
AndrewTrevorJones429.jpg,0
AndrewTrevorJones430.jpg,1
AndrewTrevorJones431.jpg,0
AndrewTrevorJones433.jpg,0
AndrewTrevorJones434.jpg,1
AndrewTrevorJones437.jpg,0
AndrewTrevorJones438.jpg,0
AndrewTrevorJones440.jpg,0
AndrewTrevorJones442.jpg,0
AndrewTrevorJones443.jpg,0
AndrewTrevorJones444.jpg,0
AndrewTrevorJones446.jpg,0
AndrewTrevorJones447.jpg,0
AndrewTrevorJones448.jpg,0
AndrewTrevorJones449.jpg,0
AndrewTrevorJones450.jpg,0
AndrewTrevorJones451.jpg,0
AndrewTrevorJones452.jpg,0
AndrewTrevorJones453.jpg,0
AndrewTrevorJones455.jpg,0
AndrewTrevorJones456.jpg,0
AndrewTrevorJones457.jpg,0
AndrewTrevorJones458.jpg,0
AndrewTrevorJones459.jpg,0
AndrewTrevorJones460.jpg,0
AndrewTrevorJones462.jpg,0
AndrewTrevorJones463.jpg,0
AndrewTrevorJones464.jpg,0
AndrewTrevorJones465.jpg,1
AndrewTrevorJones466.jpg,0
AndrewTrevorJones467.jpg,0
AndrewTrevorJones468.jpg,0
AndrewTrevorJones469.jpg,0
AndrewTrevorJones470.jpg,0
AndrewTrevorJones471.jpg,0
AndrewTrevorJones472.jpg,0
AndrewTrevorJones473.jpg,0
AndrewTrevorJones474.jpg,0
AndrewTrevorJones476.jpg,0
AndrewTrevorJones478.jpg,0
AndrewTrevorJones479.jpg,0
AndrewTrevorJones480.jpg,0
AndrewTrevorJones481.jpg,0
AndrewTrevorJones484.jpg,0
AndrewTrevorJones485.jpg,0
AndrewTrevorJones486.jpg,0
AndrewTrevorJones487.jpg,0
AndrewTrevorJones489.jpg,1
AndrewTrevorJones490.jpg,0
AndrewTrevorJones491.jpg,0
AndrewTrevorJones493.jpg,0
AndrewTrevorJones494.jpg,0
AndrewTrevorJones495.jpg,0
AndrewTrevorJones496.jpg,0
AndrewTrevorJones497.jpg,0
AndrewTrevorJones498.jpg,0
AndrewTrevorJones499.jpg,0
AndrewTrevorJones500.jpg,0
AndrewTrevorJones501.jpg,0
AndrewTrevorJones503.jpg,0
AndrewTrevorJones504.jpg,0
AndrewTrevorJones505.jpg,0
AndrewTrevorJones507.jpg,0
AndrewTrevorJones508.jpg,0
AndrewTrevorJones509.jpg,0
AndrewTrevorJones510.jpg,0
AndrewTrevorJones511.jpg,0
AndrewTrevorJones513.jpg,0
AndrewTrevorJones514.jpg,0
AndrewTrevorJones515.jpg,0
AndrewTrevorJones516.jpg,0
AndrewTrevorJones518.jpg,1
AndrewTrevorJones519.jpg,0
AndrewTrevorJones520.jpg,0
AndrewTrevorJones526.jpg,0
AndrewTrevorJones528.jpg,0
AndrewTrevorJones529.jpg,0
AndrewTrevorJones530.jpg,0
AndrewTrevorJones532.jpg,0
AndrewTrevorJones534.jpg,0
AndrewTrevorJones535.jpg,0
AndrewTrevorJones537.jpg,0
AndrewTrevorJones538.jpg,0
AndrewTrevorJones539.jpg,0
AndrewTrevorJones540.jpg,0
AndrewTrevorJones541.jpg,0
AndrewTrevorJones542.jpg,0
AndrewTrevorJones543.jpg,1
AndrewTrevorJones544.jpg,1
AndrewTrevorJones546.jpg,0
AndrewTrevorJones548.jpg,1
AndrewTrevorJones549.jpg,0
AndrewTrevorJones550.jpg,0
AndrewTrevorJones551.jpg,0
AndrewTrevorJones552.jpg,0
AndrewTrevorJones553.jpg,0
AndrewTrevorJones554.jpg,0
AndrewTrevorJones555.jpg,0
AndrewTrevorJones556.jpg,0
AndrewTrevorJones557.jpg,0
AndrewTrevorJones558.jpg,0
AndrewTrevorJones559.jpg,0
AndrewTrevorJones560.jpg,0
AndrewTrevorJones561.jpg,0
AndrewTrevorJones563.jpg,0
AndrewTrevorJones564.jpg,0
AndrewTrevorJones565.jpg,0
AndrewTrevorJones570.jpg,0
AndrewTrevorJones571.jpg,0
AndrewTrevorJones572.jpg,0
AndrewTrevorJones573.jpg,0
AndrewTrevorJones574.jpg,1
AndrewTrevorJones575.jpg,0
AndrewTrevorJones576.jpg,0
AndrewTrevorJones577.jpg,0
AndrewTrevorJones578.jpg,0
AndrewTrevorJones579.jpg,1
AndrewTrevorJones580.jpg,0
AndrewTrevorJones581.jpg,0
AndrewTrevorJones582.jpg,0
AndrewTrevorJones583.jpg,0
AndrewTrevorJones584.jpg,0
AndrewTrevorJones585.jpg,0
AndrewTrevorJones586.jpg,0
AndrewTrevorJones588.jpg,0
AndrewTrevorJones589.jpg,0
AndrewTrevorJones591.jpg,0
AndrewTrevorJones592.jpg,0
AndrewTrevorJones593.jpg,0
AndrewTrevorJones597.jpg,0
AndrewTrevorJones598.jpg,0
AndrewTrevorJones599.jpg,0
AndrewTrevorJones600.jpg,0
AndrewTrevorJones601.jpg,0
BrettHoulton604.jpg,0
BrettHoulton627.jpg,0
BrettHoulton629.jpg,0
BrettHoulton631.jpg,0
BrettHoulton635.jpg,0
ChrisRoss751.jpg,1
ChrisRoss752.jpg,0
ChrisRoss755.jpg,0
ChrisRoss758.jpg,1
ChrisRoss767.jpg,1
ChrisRoss769.jpg,0
ChrisRoss773.jpg,0
ChrisRoss774.jpg,0
ChrisRoss775.jpg,0
ChrisRoss777.jpg,1
ChrisRoss779.jpg,0
ChrisRoss780.jpg,0
ChrisRoss781.jpg,0
ChrisRoss783.jpg,0
ChrisRoss785.jpg,0
ChrisRoss786.jpg,0
ChrisRoss787.jpg,0
ChrisRoss793.jpg,0
ChrisRoss794.jpg,0
ChrisRoss803.jpg,0
ChrisRoss808.jpg,0
ChrisRoss810.jpg,0
ChrisRoss813.jpg,0
ChrisRoss821.jpg,1
ChrisRoss830.jpg,0
ChrisRoss834.jpg,0
ChrisRoss835.jpg,1
ChrisRoss842.jpg,0
ChrisRoss843.jpg,0
ChrisRoss848.jpg,0
ChrisRoss850.jpg,1
ChrisRoss851.jpg,0
ChrisRoss853.jpg,1
ChrisRoss854.jpg,1
ChrisRoss859.jpg,0
ChrisRoss865.jpg,0
ChrisRoss868.jpg,1
ChrisRoss870.jpg,0
ChrisRoss872.jpg,1
ChrisRoss873.jpg,0
ChrisRoss878.jpg,0
ChrisRoss880.jpg,0
ChrisRoss883.jpg,1
ChrisRoss884.jpg,0
ChrisRoss885.jpg,0
ChrisRoss886.jpg,0
ChrisRoss894.jpg,1
ChrisRoss896.jpg,1
ChrisRoss899.jpg,0
ChrisRoss903.jpg,1
ChrisRoss908.jpg,0
ChrisRoss909.jpg,0
ChrisRoss910.jpg,0
ChrisRoss911.jpg,1
ChrisRoss926.jpg,1
ChrisRoss930.jpg,0
ChrisRoss933.jpg,0
ChristopheMusielak943.jpg,0
ChristopheMusielak951.jpg,0
ChristopheMusielak952.jpg,0
ChristopheMusielak956.jpg,0
ChristopheMusielak961.jpg,0
ChristopheMusielak964.jpg,0
ChristopheMusielak967.jpg,0
ChristopheMusielak970.jpg,0
ChristopheMusielak985.jpg,0
ChristopheMusielak987.jpg,0
ChristopheMusielak990.jpg,0
ChristopheMusielak995.jpg,0
ChristopheMusielak1001.jpg,0
ChristopheMusielak1003.jpg,1
ChristopheMusielak1004.jpg,0
ChristopheMusielak1014.jpg,0
ChristopheMusielak1020.jpg,1
ChristopheMusielak1030.jpg,0
ChristopheMusielak1032.jpg,1
ChristopheMusielak1034.jpg,0
DanielSly1061.jpg,0
DanielSly1099.jpg,1
DanielSly1124.jpg,0
DanielSly1134.jpg,0
DanielSly1156.jpg,0
DanielSly1171.jpg,0
DanielSly1173.jpg,0
DanielSly1183.jpg,0
DanielSly1213.jpg,0
DanielSly1216.jpg,1
DanielSly1232.jpg,0
DanielSly1234.jpg,1
DanielSly1265.jpg,0
DanielSly1273.jpg,0
DanielSly1283.jpg,0
DanielSly1284.jpg,0
DanielSly1293.jpg,0
DanielSly1296.jpg,0
DanielSly1311.jpg,1
DanielSly1319.jpg,1
DanielSly1334.jpg,0
DanielSly1373.jpg,1
DanielSly1375.jpg,0
DanielSly1379.jpg,0
DanielSly1380.jpg,0
DanielSly1398.jpg,0
DanielSly1428.jpg,0
DanielSly1449.jpg,0
DanielSly1497.jpg,0
FosterLangbein1507.jpg,1
FosterLangbein1513.jpg,0
FosterLangbein1515.jpg,0
FosterLangbein1517.jpg,1
FosterLangbein1522.jpg,1
FosterLangbein1523.jpg,0
FosterLangbein1526.jpg,0
FosterLangbein1528.jpg,0
FosterLangbein1530.jpg,0
FosterLangbein1531.jpg,0
FosterLangbein1533.jpg,0
FosterLangbein1534.jpg,0
FosterLangbein1538.jpg,0
FosterLangbein1542.jpg,0
FosterLangbein1544.jpg,0
FosterLangbein1545.jpg,0
FosterLangbein1563.jpg,0
FosterLangbein1564.jpg,0
FosterLangbein1568.jpg,0
FosterLangbein1569.jpg,0
FosterLangbein1572.jpg,0
FosterLangbein1573.jpg,1
FosterLangbein1576.jpg,0
FosterLangbein1577.jpg,0
FosterLangbein1578.jpg,0
FosterLangbein1588.jpg,0
FosterLangbein1592.jpg,0
FosterLangbein1593.jpg,0
FosterLangbein1595.jpg,0
FosterLangbein1596.jpg,0
FosterLangbein1597.jpg,0
FosterLangbein1598.jpg,0
FosterLangbein1601.jpg,1
FosterLangbein1602.jpg,0
FosterLangbein1605.jpg,1
FosterLangbein1610.jpg,0
FosterLangbein1611.jpg,0
FosterLangbein1617.jpg,1
FosterLangbein1622.jpg,0
FosterLangbein1623.jpg,0
FosterLangbein1625.jpg,1
FosterLangbein1626.jpg,0
FosterLangbein1634.jpg,0
FosterLangbein1636.jpg,0
FosterLangbein1640.jpg,1
FosterLangbein1646.jpg,0
FosterLangbein1650.jpg,0
FosterLangbein1653.jpg,1
FosterLangbein1654.jpg,1
FosterLangbein1656.jpg,0
FosterLangbein1657.jpg,1
FosterLangbein1660.jpg,1
FosterLangbein1661.jpg,1
FosterLangbein1662.jpg,1
FosterLangbein1663.jpg,0
FosterLangbein1664.jpg,0
FosterLangbein1668.jpg,1
FosterLangbein1669.jpg,1
FosterLangbein1672.jpg,1
FosterLangbein1676.jpg,1
FosterLangbein1678.jpg,1
FosterLangbein1681.jpg,1
FosterLangbein1684.jpg,1
FosterLangbein1685.jpg,0
FosterLangbein1686.jpg,0
FosterLangbein1688.jpg,0
FosterLangbein1689.jpg,1
FosterLangbein1690.jpg,0
FosterLangbein1692.jpg,0
FosterLangbein1695.jpg,0
FosterLangbein1696.jpg,0
FosterLangbein1702.jpg,1
FosterLangbein1705.jpg,1
FosterLangbein1707.jpg,1
FosterLangbein1712.jpg,1
FosterLangbein1716.jpg,0
FosterLangbein1718.jpg,1
FosterLangbein1719.jpg,0
FosterLangbein1723.jpg,0
FosterLangbein1735.jpg,0
FosterLangbein1738.jpg,1
FosterLangbein1742.jpg,0
FosterLangbein1743.jpg,0
FosterLangbein1745.jpg,0
FosterLangbein1746.jpg,0
FosterLangbein1747.jpg,0
FosterLangbein1749.jpg,0
FosterLangbein1750.jpg,0
FosterLangbein1751.jpg,0
FosterLangbein1752.jpg,1
FosterLangbein1756.jpg,0
FosterLangbein1757.jpg,1
FosterLangbein1759.jpg,0
FosterLangbein1760.jpg,0
FosterLangbein1761.jpg,0
FosterLangbein1762.jpg,0
FosterLangbein1767.jpg,1
FosterLangbein1768.jpg,1
FosterLangbein1769.jpg,1
FosterLangbein1773.jpg,1
FosterLangbein1775.jpg,0
FosterLangbein1778.jpg,1
FosterLangbein1784.jpg,0
FosterLangbein1793.jpg,1
FosterLangbein1795.jpg,1
FosterLangbein1797.jpg,0
FosterLangbein1798.jpg,1
FosterLangbein1801.jpg,0
FosterLangbein1808.jpg,0
FosterLangbein1810.jpg,1
FosterLangbein1812.jpg,1
FosterLangbein1813.jpg,0
FosterLangbein1816.jpg,1
FosterLangbein1817.jpg,1
FosterLangbein1819.jpg,1
FosterLangbein1820.jpg,1
FosterLangbein1821.jpg,1
FosterLangbein1822.jpg,1
FosterLangbein1825.jpg,0
FosterLangbein1826.jpg,0
FosterLangbein1829.jpg,1
FosterLangbein1831.jpg,0
FosterLangbein1834.jpg,1
FosterLangbein1835.jpg,1
FosterLangbein1838.jpg,0
FosterLangbein1839.jpg,0
FosterLangbein1840.jpg,0
FosterLangbein1843.jpg,1
FosterLangbein1845.jpg,0
FosterLangbein1846.jpg,1
FosterLangbein1849.jpg,1
FosterLangbein1850.jpg,0
FosterLangbein1851.jpg,1
FosterLangbein1853.jpg,0
FosterLangbein1855.jpg,1
FosterLangbein1860.jpg,1
FosterLangbein1862.jpg,1
FosterLangbein1865.jpg,0
FosterLangbein1867.jpg,0
FosterLangbein1868.jpg,1
FosterLangbein1869.jpg,0
FosterLangbein1871.jpg,1
FosterLangbein1872.jpg,1
FosterLangbein1873.jpg,0
FosterLangbein1874.jpg,1
FosterLangbein1880.jpg,1
FosterLangbein1881.jpg,1
FosterLangbein1882.jpg,1
FosterLangbein1883.jpg,1
FosterLangbein1886.jpg,0
FosterLangbein1887.jpg,1
FosterLangbein1890.jpg,1
FosterLangbein1891.jpg,0
FosterLangbein1893.jpg,1
FosterLangbein1894.jpg,0
FosterLangbein1895.jpg,0
FosterLangbein1898.jpg,0
FosterLangbein1900.jpg,1
FosterLangbein1903.jpg,1
FosterLangbein1905.jpg,0
FosterLangbein1907.jpg,1
FosterLangbein1908.jpg,1
FosterLangbein1915.jpg,0
FosterLangbein1916.jpg,0
FosterLangbein1918.jpg,0
FosterLangbein1919.jpg,1
FosterLangbein1921.jpg,1
FosterLangbein1923.jpg,0
FosterLangbein1927.jpg,1
FosterLangbein1934.jpg,1
FosterLangbein1936.jpg,1
FosterLangbein1941.jpg,0
FosterLangbein1942.jpg,1
FosterLangbein1946.jpg,0
FosterLangbein1948.jpg,1
FosterLangbein1949.jpg,1
FosterLangbein1951.jpg,1
FosterLangbein1966.jpg,0
FosterLangbein1980.jpg,1
FosterLangbein1982.jpg,1
FosterLangbein1983.jpg,1
FosterLangbein1984.jpg,1
FosterLangbein1986.jpg,0
FosterLangbein1988.jpg,0
FosterLangbein1989.jpg,1
FosterLangbein1993.jpg,1
FosterLangbein1994.jpg,0
FosterLangbein1995.jpg,0
FosterLangbein1997.jpg,0
FosterLangbein1999.jpg,0
FosterLangbein2001.jpg,0
FosterLangbein2002.jpg,0
FosterLangbein2003.jpg,0
FosterLangbein2007.jpg,0
FosterLangbein2008.jpg,0
FosterLangbein2011.jpg,0
FosterLangbein2014.jpg,0
FosterLangbein2020.jpg,0
FosterLangbein2021.jpg,0
FosterLangbein2023.jpg,0
FosterLangbein2024.jpg,0
FosterLangbein2025.jpg,0
FosterLangbein2026.jpg,0
FosterLangbein2028.jpg,0
FosterLangbein2033.jpg,1
FosterLangbein2034.jpg,0
FosterLangbein2035.jpg,0
FosterLangbein2037.jpg,0
FosterLangbein2040.jpg,0
FosterLangbein2041.jpg,1
FosterLangbein2042.jpg,1
FosterLangbein2046.jpg,0
FosterLangbein2047.jpg,0
FosterLangbein2049.jpg,1
FosterLangbein2050.jpg,0
FosterLangbein2053.jpg,0
FosterLangbein2054.jpg,0
FosterLangbein2055.jpg,0
FosterLangbein2056.jpg,0
FosterLangbein2057.jpg,1
FosterLangbein2058.jpg,1
FosterLangbein2059.jpg,1
FosterLangbein2065.jpg,0
FosterLangbein2066.jpg,0
FosterLangbein2068.jpg,0
FosterLangbein2070.jpg,1
FosterLangbein2075.jpg,0
FosterLangbein2076.jpg,0
FosterLangbein2077.jpg,1
FosterLangbein2078.jpg,1
FosterLangbein2079.jpg,0
FosterLangbein2080.jpg,0
FosterLangbein2081.jpg,0
FosterLangbein2084.jpg,0
FosterLangbein2088.jpg,1
FosterLangbein2090.jpg,1
FosterLangbein2091.jpg,1
FosterLangbein2092.jpg,1
FosterLangbein2094.jpg,0
FosterLangbein2098.jpg,1
FosterLangbein2099.jpg,0
FosterLangbein2102.jpg,0
FosterLangbein2103.jpg,0
FosterLangbein2108.jpg,1
FosterLangbein2110.jpg,1
FosterLangbein2113.jpg,0
FosterLangbein2115.jpg,0
FosterLangbein2117.jpg,0
FosterLangbein2118.jpg,0
FosterLangbein2119.jpg,0
FosterLangbein2121.jpg,1
FosterLangbein2131.jpg,0
FosterLangbein2133.jpg,0
FosterLangbein2134.jpg,1
FosterLangbein2139.jpg,0
FosterLangbein2144.jpg,0
FosterLangbein2145.jpg,1
FosterLangbein2146.jpg,1
FosterLangbein2147.jpg,0
FosterLangbein2150.jpg,1
FosterLangbein2156.jpg,1
FosterLangbein2158.jpg,0
FosterLangbein2159.jpg,0
FosterLangbein2160.jpg,0
FosterLangbein2161.jpg,1
FosterLangbein2164.jpg,0
FosterLangbein2167.jpg,1
FosterLangbein2168.jpg,1
FosterLangbein2169.jpg,0
FosterLangbein2170.jpg,0
FosterLangbein2172.jpg,0
FosterLangbein2173.jpg,0
FosterLangbein2175.jpg,1
FosterLangbein2176.jpg,1
FosterLangbein2178.jpg,0
FosterLangbein2180.jpg,0
FosterLangbein2184.jpg,1
FosterLangbein2187.jpg,0
FosterLangbein2194.jpg,0
FosterLangbein2196.jpg,0
FosterLangbein2197.jpg,0
FosterLangbein2198.jpg,1
FosterLangbein2199.jpg,1
FosterLangbein2201.jpg,0
FosterLangbein2202.jpg,0
FosterLangbein2203.jpg,1
FosterLangbein2204.jpg,0
FosterLangbein2205.jpg,1
FosterLangbein2206.jpg,1
FosterLangbein2208.jpg,1
FosterLangbein2211.jpg,0
FosterLangbein2213.jpg,0
FosterLangbein2215.jpg,0
FosterLangbein2216.jpg,1
FosterLangbein2217.jpg,1
FosterLangbein2219.jpg,1
FosterLangbein2220.jpg,1
FosterLangbein2224.jpg,0
FosterLangbein2225.jpg,0
FosterLangbein2226.jpg,0
FosterLangbein2228.jpg,1
FosterLangbein2229.jpg,0
FosterLangbein2230.jpg,1
FosterLangbein2232.jpg,1
FosterLangbein2233.jpg,1
FosterLangbein2236.jpg,1
FosterLangbein2237.jpg,1
FosterLangbein2238.jpg,0
FosterLangbein2239.jpg,1
FosterLangbein2240.jpg,0
FosterLangbein2244.jpg,1
FosterLangbein2251.jpg,1
FosterLangbein2252.jpg,0
FosterLangbein2254.jpg,1
FosterLangbein2256.jpg,1
FosterLangbein2257.jpg,1
FosterLangbein2258.jpg,0
FosterLangbein2259.jpg,0
FosterLangbein2260.jpg,0
FosterLangbein2265.jpg,0
FosterLangbein2266.jpg,0
FosterLangbein2267.jpg,0
FosterLangbein2270.jpg,1
FosterLangbein2273.jpg,0
FosterLangbein2274.jpg,0
FosterLangbein2277.jpg,0
FosterLangbein2278.jpg,0
FosterLangbein2279.jpg,0
FosterLangbein2280.jpg,1
FosterLangbein2281.jpg,0
FosterLangbein2282.jpg,0
FosterLangbein2283.jpg,1
FosterLangbein2284.jpg,1
FosterLangbein2288.jpg,1
FosterLangbein2290.jpg,0
FosterLangbein2291.jpg,0
FosterLangbein2292.jpg,1
FosterLangbein2295.jpg,0
FosterLangbein2296.jpg,0
FosterLangbein2297.jpg,0
FosterLangbein2298.jpg,1
FosterLangbein2300.jpg,1
FosterLangbein2301.jpg,1
FosterLangbein2303.jpg,1
FosterLangbein2306.jpg,1
FosterLangbein2309.jpg,0
FosterLangbein2313.jpg,1
FosterLangbein2317.jpg,1
FosterLangbein2332.jpg,1
FosterLangbein2333.jpg,1
FosterLangbein2334.jpg,1
FosterLangbein2335.jpg,1
FosterLangbein2340.jpg,0
FosterLangbein2341.jpg,0
FosterLangbein2342.jpg,0
FosterLangbein2345.jpg,1
FosterLangbein2346.jpg,1
FosterLangbein2351.jpg,0
FosterLangbein2352.jpg,1
FosterLangbein2353.jpg,1
FosterLangbein2354.jpg,1
FosterLangbein2356.jpg,1
FosterLangbein2360.jpg,1
FosterLangbein2361.jpg,0
FosterLangbein2362.jpg,1
FosterLangbein2364.jpg,1
FosterLangbein2365.jpg,1
FosterLangbein2366.jpg,1
FosterLangbein2368.jpg,0
FosterLangbein2369.jpg,0
FosterLangbein2371.jpg,0
FosterLangbein2373.jpg,0
FosterLangbein2375.jpg,1
FosterLangbein2377.jpg,0
FosterLangbein2379.jpg,0
FosterLangbein2381.jpg,1
FosterLangbein2385.jpg,1
FosterLangbein2389.jpg,0
FosterLangbein2390.jpg,1
FosterLangbein2395.jpg,0
FosterLangbein2396.jpg,0
FosterLangbein2397.jpg,0
FosterLangbein2399.jpg,0
FosterLangbein2400.jpg,1
FosterLangbein2403.jpg,1
FosterLangbein2404.jpg,0
FosterLangbein2405.jpg,0
FosterLangbein2409.jpg,0
FosterLangbein2410.jpg,0
FosterLangbein2411.jpg,0
FosterLangbein2415.jpg,0
FosterLangbein2416.jpg,0
FosterLangbein2421.jpg,0
FosterLangbein2424.jpg,0
FosterLangbein2429.jpg,0
FosterLangbein2439.jpg,0
FosterLangbein2447.jpg,0
FosterLangbein2450.jpg,0
FosterLangbein2451.jpg,0
FosterLangbein2452.jpg,1
FosterLangbein2453.jpg,1
FosterLangbein2454.jpg,1
FosterLangbein2456.jpg,1
FosterLangbein2457.jpg,1
FosterLangbein2458.jpg,0
FosterLangbein2460.jpg,1
FosterLangbein2461.jpg,0
FosterLangbein2462.jpg,1
FosterLangbein2464.jpg,1
FosterLangbein2466.jpg,1
FosterLangbein2467.jpg,1
FosterLangbein2470.jpg,1
FosterLangbein2471.jpg,1
FosterLangbein2473.jpg,1
FosterLangbein2474.jpg,1
FosterLangbein2475.jpg,1
FosterLangbein2476.jpg,1
FosterLangbein2479.jpg,1
FosterLangbein2482.jpg,1
FosterLangbein2483.jpg,1
FosterLangbein2490.jpg,0
FosterLangbein2497.jpg,1
FosterLangbein2502.jpg,1
FosterLangbein2503.jpg,1
FosterLangbein2504.jpg,1
FosterLangbein2508.jpg,1
FosterLangbein2513.jpg,0
FosterLangbein2516.jpg,1
FosterLangbein2519.jpg,0
FosterLangbein2521.jpg,1
FosterLangbein2522.jpg,1
FosterLangbein2524.jpg,1
FosterLangbein2533.jpg,1
FosterLangbein2535.jpg,1
FosterLangbein2539.jpg,0
FosterLangbein2540.jpg,0
FosterLangbein2543.jpg,0
FosterLangbein2548.jpg,0
FosterLangbein2549.jpg,0
FosterLangbein2550.jpg,1
FosterLangbein2553.jpg,1
FosterLangbein2557.jpg,0
FosterLangbein2559.jpg,1
FosterLangbein2561.jpg,1
FosterLangbein2576.jpg,0
FosterLangbein2577.jpg,0
FosterLangbein2583.jpg,0
FosterLangbein2584.jpg,0
FosterLangbein2588.jpg,0
FosterLangbein2595.jpg,1
FosterLangbein2596.jpg,0
FosterLangbein2600.jpg,0
FosterLangbein2601.jpg,0
FosterLangbein2609.jpg,0
FosterLangbein2614.jpg,0
FosterLangbein2615.jpg,0
FosterLangbein2621.jpg,0
FosterLangbein2622.jpg,0
FosterLangbein2623.jpg,0
FosterLangbein2630.jpg,0
FosterLangbein2631.jpg,0
FosterLangbein2632.jpg,0
FosterLangbein2633.jpg,0
FosterLangbein2644.jpg,0
FosterLangbein2646.jpg,0
FosterLangbein2649.jpg,0
FosterLangbein2651.jpg,0
FosterLangbein2653.jpg,0
FosterLangbein2657.jpg,0
FosterLangbein2658.jpg,0
FosterLangbein2659.jpg,0
FosterLangbein2661.jpg,0
FosterLangbein2664.jpg,0
FosterLangbein2667.jpg,0
FosterLangbein2674.jpg,1
FosterLangbein2675.jpg,1
FosterLangbein2677.jpg,0
FosterLangbein2687.jpg,0
FosterLangbein2690.jpg,1
FosterLangbein2693.jpg,1
FosterLangbein2694.jpg,1
FosterLangbein2695.jpg,1
FosterLangbein2698.jpg,1
FosterLangbein2699.jpg,1
FosterLangbein2702.jpg,1
FosterLangbein2703.jpg,0
FosterLangbein2706.jpg,1
FosterLangbein2711.jpg,0
FosterLangbein2713.jpg,0
FosterLangbein2714.jpg,0
FosterLangbein2717.jpg,1
FosterLangbein2718.jpg,1
FosterLangbein2719.jpg,0
FosterLangbein2721.jpg,0
FosterLangbein2722.jpg,1
FosterLangbein2724.jpg,0
FosterLangbein2725.jpg,1
FosterLangbein2726.jpg,0
FosterLangbein2727.jpg,0
FosterLangbein2728.jpg,0
FosterLangbein2729.jpg,0
FosterLangbein2731.jpg,0
FosterLangbein2732.jpg,0
FosterLangbein2734.jpg,1
FosterLangbein2741.jpg,1
FosterLangbein2742.jpg,1
FosterLangbein2745.jpg,1
FosterLangbein2748.jpg,1
FosterLangbein2750.jpg,0
FosterLangbein2754.jpg,0
FosterLangbein2758.jpg,1
FosterLangbein2760.jpg,0
FosterLangbein2761.jpg,0
FosterLangbein2762.jpg,1
FosterLangbein2766.jpg,1
FosterLangbein2768.jpg,1
FosterLangbein2770.jpg,1
FosterLangbein2777.jpg,0
FosterLangbein2784.jpg,0
FosterLangbein2787.jpg,1
FosterLangbein2789.jpg,1
FosterLangbein2790.jpg,1
FosterLangbein2793.jpg,1
FosterLangbein2797.jpg,1
FosterLangbein2800.jpg,1
FosterLangbein2802.jpg,1
FosterLangbein2804.jpg,0
FosterLangbein2805.jpg,1
FosterLangbein2807.jpg,1
FosterLangbein2813.jpg,0
FosterLangbein2814.jpg,0
FosterLangbein2815.jpg,0
FosterLangbein2819.jpg,1
FosterLangbein2821.jpg,1
FosterLangbein2824.jpg,1
FosterLangbein2825.jpg,1
FosterLangbein2828.jpg,1
FosterLangbein2829.jpg,1
FosterLangbein2831.jpg,1
FosterLangbein2832.jpg,1
FosterLangbein2833.jpg,1
FosterLangbein2835.jpg,1
FosterLangbein2841.jpg,0
FosterLangbein2844.jpg,1
FosterLangbein2847.jpg,1
FosterLangbein2854.jpg,1
FosterLangbein2855.jpg,1
FosterLangbein2856.jpg,1
FosterLangbein2857.jpg,0
FosterLangbein2859.jpg,0
FosterLangbein2860.jpg,1
FosterLangbein2866.jpg,1
FosterLangbein2868.jpg,1
FosterLangbein2871.jpg,1
FosterLangbein2872.jpg,1
FosterLangbein2873.jpg,1
FosterLangbein2874.jpg,0
FosterLangbein2875.jpg,1
FosterLangbein2876.jpg,1
FosterLangbein2877.jpg,0
FosterLangbein2883.jpg,0
FosterLangbein2892.jpg,1
FosterLangbein2893.jpg,1
FosterLangbein2894.jpg,1
FosterLangbein2895.jpg,0
FosterLangbein2898.jpg,1
FosterLangbein2901.jpg,1
FosterLangbein2904.jpg,1
FosterLangbein2908.jpg,1
FosterLangbein2909.jpg,1
FosterLangbein2911.jpg,1
FosterLangbein2913.jpg,1
FosterLangbein2918.jpg,0
FosterLangbein2921.jpg,1
FosterLangbein2922.jpg,1
FosterLangbein2924.jpg,1
FosterLangbein2927.jpg,1
FosterLangbein2932.jpg,0
FosterLangbein2933.jpg,1
FosterLangbein2934.jpg,1
FosterLangbein2935.jpg,1
FosterLangbein2942.jpg,0
FosterLangbein2951.jpg,0
FosterLangbein2954.jpg,1
FosterLangbein2962.jpg,1
FosterLangbein2963.jpg,1
FosterLangbein2964.jpg,1
FosterLangbein2965.jpg,1
FosterLangbein2969.jpg,1
FosterLangbein2970.jpg,0
FosterLangbein2972.jpg,1
FosterLangbein2975.jpg,1
FosterLangbein2978.jpg,0
FosterLangbein2981.jpg,1
FosterLangbein2987.jpg,0
FosterLangbein2998.jpg,0
FosterLangbein3001.jpg,1
FosterLangbein3002.jpg,0
FosterLangbein3003.jpg,0
FosterLangbein3004.jpg,1
FosterLangbein3005.jpg,1
FosterLangbein3006.jpg,0
FosterLangbein3007.jpg,0
FosterLangbein3010.jpg,1
FosterLangbein3013.jpg,1
FosterLangbein3016.jpg,1
FosterLangbein3017.jpg,1
FosterLangbein3019.jpg,1
FosterLangbein3020.jpg,1
FosterLangbein3021.jpg,1
FosterLangbein3025.jpg,1
FosterLangbein3028.jpg,1
FosterLangbein3029.jpg,1
FosterLangbein3035.jpg,1
FosterLangbein3036.jpg,0
FosterLangbein3039.jpg,1
FosterLangbein3042.jpg,0
FosterLangbein3044.jpg,1
GeorgeBorovskis3045.jpg,0
GeorgeBorovskis3050.jpg,0
GeorgeBorovskis3052.jpg,0
GeorgeBorovskis3053.jpg,0
GeorgeBorovskis3054.jpg,0
GeorgeBorovskis3055.jpg,0
GeorgeBorovskis3056.jpg,0
GeorgeBorovskis3057.jpg,0
GeorgeBorovskis3059.jpg,0
GeorgeBorovskis3060.jpg,0
GeorgeBorovskis3061.jpg,0
GeorgeBorovskis3062.jpg,0
GeorgeBorovskis3064.jpg,0
GeorgeBorovskis3065.jpg,0
GeorgeBorovskis3067.jpg,0
GeorgeBorovskis3068.jpg,0
GeorgeBorovskis3071.jpg,0
GeorgeBorovskis3075.jpg,0
GeorgeBorovskis3077.jpg,0
GeorgeBorovskis3079.jpg,0
GeorgeBorovskis3082.jpg,0
GeorgeBorovskis3084.jpg,1
GeorgeBorovskis3085.jpg,0
GeorgeBorovskis3086.jpg,0
GeorgeBorovskis3087.jpg,0
GeorgeBorovskis3088.jpg,0
GeorgeBorovskis3089.jpg,0
GeorgeBorovskis3093.jpg,0
GeorgeBorovskis3094.jpg,0
GeorgeBorovskis3096.jpg,0
GeorgeBorovskis3097.jpg,0
GeorgeBorovskis3098.jpg,0
GeorgeBorovskis3100.jpg,0
GeorgeBorovskis3101.jpg,0
GeorgeBorovskis3102.jpg,0
GeorgeBorovskis3104.jpg,0
GeorgeBorovskis3105.jpg,0
GeorgeBorovskis3106.jpg,0
GeorgeBorovskis3108.jpg,0
GeorgeBorovskis3111.jpg,0
GeorgeBorovskis3112.jpg,0
GeorgeBorovskis3113.jpg,0
GeorgeBorovskis3117.jpg,0
GeorgeBorovskis3118.jpg,0
GeorgeBorovskis3120.jpg,0
GeorgeBorovskis3121.jpg,0
GeorgeBorovskis3124.jpg,0
GeorgeBorovskis3125.jpg,0
GeorgeBorovskis3126.jpg,0
GeorgeBorovskis3127.jpg,0
GeorgeBorovskis3129.jpg,0
GeorgeBorovskis3130.jpg,1
GeorgeBorovskis3132.jpg,0
GeorgeBorovskis3134.jpg,0
GeorgeBorovskis3135.jpg,0
GeorgeBorovskis3136.jpg,1
GeorgeBorovskis3141.jpg,1
GeorgeBorovskis3146.jpg,0
GeorgeBorovskis3149.jpg,0
GeorgeBorovskis3150.jpg,0
GeorgeBorovskis3151.jpg,0
GeorgeBorovskis3152.jpg,0
GeorgeBorovskis3153.jpg,0
GeorgeBorovskis3154.jpg,0
GeorgeBorovskis3155.jpg,0
GeorgeBorovskis3156.jpg,0
GeorgeBorovskis3159.jpg,0
GeorgeBorovskis3163.jpg,0
GeorgeBorovskis3164.jpg,0
GeorgeBorovskis3165.jpg,0
GeorgeBorovskis3167.jpg,0
GeorgeBorovskis3170.jpg,0
GiuliaFerretto3171.jpg,0
GiuliaFerretto3184.jpg,0
GrahamWillis3188.jpg,0
GrahamWillis3190.jpg,0
GrahamWillis3207.jpg,0
GrantGardiner3225.jpg,0
GrantGardiner3233.jpg,0
GrantGardiner3271.jpg,0
GrantGardiner3326.jpg,0
GrantGardiner3334.jpg,0
GrantGardiner3346.jpg,0
GrantGardiner3357.jpg,0
GrantGardiner3460.jpg,0
GrantGardiner3467.jpg,1
GrantGardiner3483.jpg,0
GrantGardiner3528.jpg,0
GrantGardiner3529.jpg,0
GrantGardiner3544.jpg,0
GrantGardiner3554.jpg,0
GrantGardiner3581.jpg,0
GrantGardiner3630.jpg,1
GrantGardiner3673.jpg,0
GrantGardiner3694.jpg,0
GrantGardiner3719.jpg,0
GrantGardiner3729.jpg,0
GrantGardiner3734.jpg,0
GrantGardiner3771.jpg,0
GrantGardiner3782.jpg,0
GrantGardiner3796.jpg,0
GrantGardiner3807.jpg,0
GrantGardiner3839.jpg,0
GrantGardiner3865.jpg,0
GrantGardiner3869.jpg,0
GrantGardiner3878.jpg,0
GrantGardiner3888.jpg,0
GrantGardiner3894.jpg,0
GregRyan3895.jpg,0
GregRyan3903.jpg,0
GregRyan3911.jpg,0
GregRyan3926.jpg,0
GregRyan3935.jpg,0
GregRyan3936.jpg,0
GregRyan3950.jpg,0
GregRyan3952.jpg,1
GregRyan3966.jpg,1
GregRyan3974.jpg,1
GregRyan3975.jpg,0
GregRyan3977.jpg,1
GregRyan3988.jpg,0
GregRyan3989.jpg,0
GregRyan3990.jpg,0
GregRyan3994.jpg,0
GregRyan3996.jpg,0
GregRyan4004.jpg,0
GregRyan4006.jpg,0
GregRyan4007.jpg,0
GregRyan4010.jpg,0
GregRyan4011.jpg,0
GregRyan4012.jpg,0
GregRyan4017.jpg,0
GregRyan4018.jpg,0
GregRyan4019.jpg,0
GregRyan4024.jpg,0
GregRyan4027.jpg,0
GregRyan4030.jpg,0
GregRyan4040.jpg,0
GregRyan4042.jpg,0
GregRyan4044.jpg,0
GregRyan4046.jpg,0
GregRyan4048.jpg,0
GregRyan4049.jpg,1
GregRyan4052.jpg,0
GregRyan4063.jpg,0
GregRyan4067.jpg,0
GregRyan4075.jpg,0
GregRyan4089.jpg,0
GregRyan4091.jpg,0
GregRyan4094.jpg,0
GregRyan4103.jpg,0
GregRyan4104.jpg,0
GregRyan4110.jpg,0
GregRyan4119.jpg,0
GregRyan4124.jpg,0
GregRyan4128.jpg,0
GregRyan4131.jpg,0
GregRyan4152.jpg,0
GregRyan4155.jpg,0
GregRyan4159.jpg,1
GregRyan4162.jpg,0
GregRyan4168.jpg,0
GregRyan4172.jpg,0
GregRyan4176.jpg,0
GregRyan4187.jpg,0
GregRyan4188.jpg,1
GregRyan4189.jpg,0
GregRyan4202.jpg,0
GregRyan4205.jpg,0
GregRyan4213.jpg,0
GregRyan4214.jpg,1
GregRyan4216.jpg,0
GregRyan4218.jpg,1
GregRyan4219.jpg,0
GregRyan4221.jpg,0
GregRyan4222.jpg,0
GregRyan4223.jpg,0
GregRyan4224.jpg,0
GregRyan4225.jpg,0
GregRyan4227.jpg,0
GregRyan4228.jpg,0
GregRyan4231.jpg,0
GregRyan4232.jpg,1
GregRyan4234.jpg,0
GregRyan4237.jpg,0
GregRyan4242.jpg,1
GregRyan4248.jpg,0
GregRyan4252.jpg,0
GregRyan4256.jpg,0
GregRyan4258.jpg,0
GregRyan4259.jpg,0
GregRyan4261.jpg,0
GregRyan4263.jpg,0
GregRyan4266.jpg,0
GregRyan4267.jpg,0
GregRyan4271.jpg,0
GregRyan4273.jpg,0
GregRyan4279.jpg,0
GregRyan4280.jpg,0
GregRyan4284.jpg,0
GregRyan4287.jpg,0
GregRyan4290.jpg,0
GregRyan4295.jpg,0
GregRyan4297.jpg,0
GregRyan4299.jpg,0
GregRyan4302.jpg,0
GregRyan4303.jpg,0
GregRyan4310.jpg,0
GregRyan4313.jpg,0
GregRyan4315.jpg,0
GregRyan4317.jpg,0
GregRyan4320.jpg,0
GregRyan4321.jpg,0
GregRyan4326.jpg,0
GregRyan4329.jpg,0
GregRyan4332.jpg,0
GregRyan4333.jpg,0
GregRyan4335.jpg,0
GregRyan4336.jpg,0
GregRyan4338.jpg,0
GregRyan4340.jpg,0
GregRyan4343.jpg,0
GregRyan4344.jpg,0
GregRyan4345.jpg,0
GregRyan4346.jpg,0
GregRyan4347.jpg,0
GregRyan4348.jpg,0
GregRyan4350.jpg,0
GregRyan4351.jpg,0
GregRyan4352.jpg,1
GregRyan4355.jpg,0
GregRyan4357.jpg,0
GregRyan4358.jpg,0
GregRyan4359.jpg,0
GregRyan4362.jpg,1
GregRyan4380.jpg,0
GregRyan4382.jpg,0
GregRyan4384.jpg,0
GregRyan4385.jpg,0
GregRyan4386.jpg,0
GregRyan4389.jpg,0
GregRyan4392.jpg,0
GregRyan4400.jpg,0
GregRyan4404.jpg,0
GregRyan4411.jpg,0
GregRyan4419.jpg,0
GregRyan4429.jpg,0
GregRyan4430.jpg,0
GregRyan4432.jpg,0
GregRyan4433.jpg,1
GregRyan4509.jpg,1
GregRyan4515.jpg,0
GregRyan4516.jpg,0
GregRyan4517.jpg,0
GregRyan4518.jpg,0
GregRyan4524.jpg,0
GregRyan4529.jpg,0
GregRyan4538.jpg,0
GregRyan4539.jpg,0
GregRyan4543.jpg,0
GregRyan4554.jpg,0
GregRyan4557.jpg,1
GregRyan4558.jpg,0
GregRyan4566.jpg,0
GregRyan4574.jpg,0
GregRyan4577.jpg,0
GregRyan4584.jpg,0
GregRyan4585.jpg,0
GregRyan4587.jpg,0
GregRyan4591.jpg,0
GregRyan4597.jpg,0
GregRyan4600.jpg,0
GregRyan4605.jpg,0
GregRyan4608.jpg,0
GregRyan4610.jpg,1
GregRyan4613.jpg,1
GregRyan4616.jpg,0
GregRyan4619.jpg,0
GregRyan4620.jpg,0
GregRyan4627.jpg,0
GregRyan4631.jpg,0
GregRyan4636.jpg,0
GregRyan4659.jpg,0
GregRyan4661.jpg,0
GregTowner4667.jpg,0
GregTowner4673.jpg,0
IanHunter4730.jpg,0
IanHunter4732.jpg,1
IanHunter4733.jpg,0
IanHunter4735.jpg,0
IanHunter4753.jpg,0
IanHunter4757.jpg,0
IanHunter4763.jpg,0
IanHunter4767.jpg,0
IanHunter4774.jpg,0
IanHunter4783.jpg,0
IanHunter4786.jpg,0
IanHunter4787.jpg,0
IanHunter4788.jpg,0
IanHunter4789.jpg,0
IanHunter4791.jpg,0
IanHunter4792.jpg,0
IanHunter4793.jpg,0
IanHunter4794.jpg,1
IanHunter4811.jpg,0
IanHunter4814.jpg,0
IanHunter4816.jpg,0
IanHunter4818.jpg,0
IanHunter4835.jpg,0
IanHunter4837.jpg,0
IanHunter4838.jpg,1
IanHunter4840.jpg,1
IanHunter4842.jpg,1
IanHunter4843.jpg,1
IanHunter4863.jpg,0
IanHunter4864.jpg,0
IanHunter4865.jpg,0
IanHunter4867.jpg,0
IanHunter4869.jpg,0
IanHunter4876.jpg,0
IanHunter4886.jpg,0
IanHunter4893.jpg,0
IanHunter4917.jpg,1
IanHunter4919.jpg,0
IanHunter4920.jpg,1
IanHunter4923.jpg,1
IanHunter4924.jpg,0
IanHunter4934.jpg,0
IanHunter4936.jpg,0
IanHunter4942.jpg,0
IanHunter4944.jpg,0
IanHunter4945.jpg,0
IanHunter4946.jpg,1
IanHunter4955.jpg,0
IanHunter4964.jpg,0
IanHunter4965.jpg,0
IanHunter4966.jpg,0
IanHunter4977.jpg,0
IanHunter4982.jpg,0
IanHunter5009.jpg,0
IanHunter5030.jpg,1
IanHunter5031.jpg,1
IanHunter5033.jpg,0
IanHunter5046.jpg,0
IanHunter5048.jpg,0
IanHunter5049.jpg,0
IanHunter5078.jpg,0
IanHunter5087.jpg,0
IanHunter5124.jpg,1
IanHunter5128.jpg,0
IanHunter5157.jpg,1
IanHunter5159.jpg,1
IanHunter5160.jpg,1
IanHunter5162.jpg,0
IanHunter5163.jpg,0
IanHunter5164.jpg,0
IanHunter5168.jpg,0
IanHunter5169.jpg,0
IanHunter5170.jpg,0
IanHunter5172.jpg,0
IanHunter5173.jpg,0
IanHunter5174.jpg,0
IanHunter5175.jpg,0
IanHunter5176.jpg,0
IanHunter5177.jpg,1
JasonCockayne5180.jpg,0
JasonCockayne5199.jpg,1
JasonCockayne5205.jpg,0
JasonCockayne5208.jpg,0
JasonCockayne5210.jpg,0
JasonCockayne5217.jpg,0
JasonCockayne5225.jpg,1
JasonCockayne5227.jpg,1
JasonCockayne5235.jpg,1
JasonCockayne5294.jpg,1
JasonCockayne5360.jpg,1
JasonCockayne5370.jpg,1
JasonCockayne5380.jpg,1
JasonCockayne5382.jpg,0
JasonCockayne5428.jpg,0
JasonCockayne5453.jpg,0
JasonCockayne5472.jpg,0
JasonCockayne5477.jpg,0
JasonCockayne5478.jpg,0
JasonCockayne5489.jpg,0
JasonCockayne5524.jpg,0
JasonCockayne5526.jpg,0
JohnHall5531.jpg,0
JohnHall5533.jpg,0
JohnHall5536.jpg,0
JohnHall5542.jpg,0
JohnHall5558.jpg,0
JohnHall5561.jpg,0
JohnHall5563.jpg,0
JohnHall5572.jpg,0
JohnHall5597.jpg,1
JohnHall5598.jpg,1
JohnHall5599.jpg,1
JohnHall5656.jpg,0
JohnHall5658.jpg,0
JohnHall5660.jpg,0
JohnHall5670.jpg,0
JohnHall5674.jpg,0
JohnHall5680.jpg,0
JohnSear5707.jpg,0
JohnSear5708.jpg,1
JohnSear5709.jpg,0
JohnSear5710.jpg,1
JohnSear5712.jpg,0
JohnSear5714.jpg,1
JohnSear5717.jpg,0
JohnSear5725.jpg,0
JohnSear5726.jpg,0
JohnSear5730.jpg,0
JohnSear5731.jpg,0
JohnSear5732.jpg,1
JoshMoloney5733.jpg,0
JoshMoloney5735.jpg,0
JoshMoloney5737.jpg,0
JoshMoloney5741.jpg,0
JoshMoloney5742.jpg,0
JoshMoloney5751.jpg,0
JoshMoloney5758.jpg,0
JoshMoloney5804.jpg,0
JoshMoloney5837.jpg,0
JoshMoloney5841.jpg,0
JoshMoloney5858.jpg,1
JoshMoloney5864.jpg,0
JoshMoloney5871.jpg,0
JoshMoloney5874.jpg,0
JoshMoloney5879.jpg,0
JoshMoloney5883.jpg,0
JoshMoloney5886.jpg,0
JoshMoloney5888.jpg,0
JoshMoloney5889.jpg,0
JoshMoloney5906.jpg,0
JoshMoloney5908.jpg,0
JoshMoloney5909.jpg,0
JoshMoloney5914.jpg,0
JoshMoloney5922.jpg,0
JoshMoloney5937.jpg,0
JoshMoloney5938.jpg,0
JoshMoloney5985.jpg,0
JoshMoloney5994.jpg,0
JoshMoloney5999.jpg,0
JoshMoloney6003.jpg,0
JoshMoloney6010.jpg,0
JoshMoloney6013.jpg,0
JoshMoloney6019.jpg,1
JoshMoloney6020.jpg,1
JoshMoloney6022.jpg,0
JoshMoloney6030.jpg,0
JoshMoloney6035.jpg,0
JoshMoloney6036.jpg,0
JoshMoloney6037.jpg,0
JoshMoloney6038.jpg,0
JoshMoloney6044.jpg,0
JoshMoloney6047.jpg,0
JoshMoloney6048.jpg,1
JoshMoloney6050.jpg,1
JoshMoloney6055.jpg,0
JoshMoloney6056.jpg,0
JoshMoloney6057.jpg,0
JoshMoloney6059.jpg,0
JoshMoloney6060.jpg,1
JoshMoloney6062.jpg,1
JoshMoloney6069.jpg,0
JoshMoloney6070.jpg,1
JoshMoloney6076.jpg,0
JoshMoloney6077.jpg,0
JoshMoloney6096.jpg,0
JoshMoloney6106.jpg,0
JoshMoloney6114.jpg,0
JoshMoloney6115.jpg,0
JoshMoloney6124.jpg,0
JoshMoloney6126.jpg,0
JoshMoloney6130.jpg,0
JoshMoloney6145.jpg,0
JoshMoloney6161.jpg,0
JoshMoloney6162.jpg,0
JoshMoloney6163.jpg,0
JoshMoloney6169.jpg,0
JoshMoloney6188.jpg,1
JoshMoloney6195.jpg,1
JoshMoloney6203.jpg,0
JoshMoloney6261.jpg,0
JoshMoloney6291.jpg,0
JoshMoloney6304.jpg,0
JoshMoloney6318.jpg,0
JoshMoloney6320.jpg,0
JoshMoloney6338.jpg,0
JoshMoloney6345.jpg,0
JoshMoloney6357.jpg,0
JoshMoloney6360.jpg,0
JoshMoloney6361.jpg,0
JoshMoloney6365.jpg,0
JoshMoloney6377.jpg,0
JoshMoloney6386.jpg,0
JoshMoloney6413.jpg,0
JoshMoloney6421.jpg,0
JoshMoloney6429.jpg,0
JoshMoloney6431.jpg,0
JoshMoloney6435.jpg,0
JoshMoloney6439.jpg,0
JoshMoloney6442.jpg,0
JoshMoloney6443.jpg,0
JoshMoloney6444.jpg,0
JoshMoloney6445.jpg,0
JoshMoloney6449.jpg,0
JoshMoloney6451.jpg,0
JoshMoloney6453.jpg,0
JoshMoloney6454.jpg,1
JoshMoloney6461.jpg,1
JoshMoloney6462.jpg,0
JoshMoloney6463.jpg,0
JoshMoloney6465.jpg,0
JoshMoloney6482.jpg,1
JoshMoloney6486.jpg,1
JoshMoloney6492.jpg,0
JoshMoloney6494.jpg,0
JoshMoloney6497.jpg,0
JoshMoloney6505.jpg,0
JoshMoloney6515.jpg,1
JoshMoloney6516.jpg,0
JoshMoloney6537.jpg,1
JoshMoloney6542.jpg,0
JoshMoloney6545.jpg,1
JoshMoloney6561.jpg,0
JoshMoloney6576.jpg,0
JoshMoloney6588.jpg,0
JoshMoloney6599.jpg,0
JoshMoloney6600.jpg,0
JoshMoloney6609.jpg,0
JoshMoloney6628.jpg,0
JoshMoloney6651.jpg,0
JoshMoloney6654.jpg,0
JoshMoloney6665.jpg,0
JoshMoloney6669.jpg,0
JoshMoloney6678.jpg,0
JoshMoloney6679.jpg,0
JoshMoloney6695.jpg,0
JoshMoloney6704.jpg,0
JoshMoloney6709.jpg,1
JoshMoloney6713.jpg,1
JoshMoloney6717.jpg,0
JoshMoloney6720.jpg,0
JoshMoloney6723.jpg,0
JoshMoloney6730.jpg,0
JoshMoloney6737.jpg,0
JoshMoloney6741.jpg,1
JoshMoloney6742.jpg,1
JoshMoloney6747.jpg,1
JoshMoloney6748.jpg,0
JoshMoloney6749.jpg,1
JoshMoloney6750.jpg,0
JoshMoloney6759.jpg,1
JoshMoloney6761.jpg,1
JoshMoloney6767.jpg,0
JoshMoloney6769.jpg,1
JoshMoloney6770.jpg,1
JoshMoloney6772.jpg,1
JoshMoloney6774.jpg,1
JoshMoloney6775.jpg,0
JoshMoloney6776.jpg,0
JoshMoloney6777.jpg,1
JoshMoloney6778.jpg,0
JoshMoloney6785.jpg,0
JoshMoloney6786.jpg,0
JoshMoloney6790.jpg,0
JoshMoloney6791.jpg,1
JoshMoloney6793.jpg,1
JoshMoloney6794.jpg,1
JoshMoloney6799.jpg,1
JoshMoloney6801.jpg,0
JoshMoloney6807.jpg,0
JoshMoloney6808.jpg,0
JoshMoloney6809.jpg,0
JoshMoloney6810.jpg,0
JoshMoloney6812.jpg,0
JoshMoloney6826.jpg,1
JoshMoloney6827.jpg,0
JoshMoloney6829.jpg,0
JoshMoloney6842.jpg,1
JoshMoloney6843.jpg,0
JoshMoloney6851.jpg,0
JoshMoloney6852.jpg,1
JoshMoloney6855.jpg,0
JoshMoloney6858.jpg,0
JoshMoloney6870.jpg,0
JoshMoloney6873.jpg,0
JoshMoloney6885.jpg,0
JoshMoloney6906.jpg,0
JoshMoloney6912.jpg,0
JoshMoloney6913.jpg,0
JoshMoloney6962.jpg,1
JoshMoloney6966.jpg,1
JoshMoloney6967.jpg,0
JoshMoloney6979.jpg,1
JoshMoloney6983.jpg,1
JoshMoloney6985.jpg,1
JoshMoloney6991.jpg,1
JoshMoloney6997.jpg,0
JoshMoloney7000.jpg,0
JoshMoloney7009.jpg,1
JoshMoloney7013.jpg,0
JoshMoloney7017.jpg,0
JoshMoloney7027.jpg,0
JoshMoloney7032.jpg,0
JoshMoloney7033.jpg,1
JoshMoloney7052.jpg,0
JoshMoloney7074.jpg,0
JoshMoloney7076.jpg,0
JoshMoloney7081.jpg,0
JoshMoloney7086.jpg,1
JoshMoloney7120.jpg,0
JoshMoloney7131.jpg,0
JoshMoloney7132.jpg,0
JoshMoloney7133.jpg,0
JoshMoloney7140.jpg,0
JoshMoloney7141.jpg,0
JoshMoloney7147.jpg,1
JoshMoloney7177.jpg,1
JoshMoloney7180.jpg,1
JoshMoloney7182.jpg,1
JoshMoloney7184.jpg,0
JoshMoloney7187.jpg,0
JoshMoloney7189.jpg,0
JoshMoloney7200.jpg,1
JoshMoloney7204.jpg,0
JoshMoloney7220.jpg,0
JoshMoloney7225.jpg,0
JoshMoloney7247.jpg,1
JoshMoloney7249.jpg,1
JoshMoloney7250.jpg,0
JoshMoloney7252.jpg,1
JoshMoloney7264.jpg,0
JoshMoloney7273.jpg,0
JoshMoloney7278.jpg,0
JoshMoloney7316.jpg,0
JoshMoloney7350.jpg,0
JoshMoloney7354.jpg,1
JoshMoloney7368.jpg,0
JoshMoloney7392.jpg,0
JoshMoloney7408.jpg,0
JoshMoloney7417.jpg,0
JoshMoloney7419.jpg,0
JoshMoloney7431.jpg,0
JoshMoloney7435.jpg,0
JoshMoloney7447.jpg,1
JoshMoloney7484.jpg,0
JoshMoloney7485.jpg,0
JoshMoloney7496.jpg,0
JoshMoloney7502.jpg,1
JoshMoloney7503.jpg,0
JoshMoloney7514.jpg,1
JoshMoloney7515.jpg,0
JoshMoloney7519.jpg,1
JoshMoloney7524.jpg,0
JoshMoloney7525.jpg,1
JoshMoloney7529.jpg,0
JoshMoloney7531.jpg,0
JoshMoloney7535.jpg,0
JoshMoloney7541.jpg,1
JoshMoloney7543.jpg,1
JoshMoloney7545.jpg,1
JoshMoloney7556.jpg,1
JoshMoloney7557.jpg,1
JoshMoloney7558.jpg,0
JoshMoloney7560.jpg,0
JoshMoloney7563.jpg,1
JoshMoloney7569.jpg,1
JoshMoloney7573.jpg,1
JoshMoloney7594.jpg,0
JoshMoloney7599.jpg,0
KazHing7605.jpg,0
KazHing7612.jpg,0
KazHing7660.jpg,0
KazHing7685.jpg,0
KazHing7713.jpg,0
KazHing7786.jpg,0
KazHing7789.jpg,0
KazHing7792.jpg,0
KazHing7801.jpg,0
KazHing7843.jpg,0
KazHing7846.jpg,0
KazHing7852.jpg,0
KazHing7858.jpg,0
KazHing7862.jpg,0
KazHing7885.jpg,0
KazHing7887.jpg,0
KazHing7890.jpg,0
KazHing7891.jpg,0
KazHing7927.jpg,1
KazHing7949.jpg,0
KazHing7952.jpg,1
KazHing7954.jpg,0
KazHing7970.jpg,0
KazHing7977.jpg,0
KazHing7978.jpg,0
KazHing7979.jpg,0
KazHing7995.jpg,0
KazHing7996.jpg,0
KazHing8007.jpg,0
KazHing8021.jpg,0
KazHing8025.jpg,0
KazHing8032.jpg,1
KazHing8033.jpg,0
KazHing8045.jpg,1
KazHing8046.jpg,1
KazHing8047.jpg,1
KazHing8050.jpg,1
KazHing8051.jpg,0
KazHing8052.jpg,1
KazHing8053.jpg,0
KazHing8054.jpg,0
KazHing8057.jpg,0
KazHing8060.jpg,0
KazHing8062.jpg,0
KazHing8064.jpg,0
KazHing8065.jpg,0
KazHing8067.jpg,0
KazHing8071.jpg,0
KazHing8072.jpg,0
KazHing8073.jpg,0
KazHing8074.jpg,0
KazHing8075.jpg,0
KazHing8078.jpg,0
KazHing8079.jpg,0
KazHing8081.jpg,0
KazHing8087.jpg,0
KazHing8096.jpg,0
KazHing8097.jpg,0
KazHing8098.jpg,0
KazHing8105.jpg,0
KazHing8106.jpg,0
KazHing8113.jpg,0
KazHing8114.jpg,0
KazHing8115.jpg,0
KazHing8117.jpg,0
KazHing8118.jpg,0
KazHing8120.jpg,0
KazHing8121.jpg,1
KazHing8123.jpg,0
KazHing8127.jpg,1
KazHing8138.jpg,0
KazHing8139.jpg,0
KazHing8140.jpg,0
KazHing8143.jpg,0
KazHing8147.jpg,0
KazHing8148.jpg,0
KazHing8156.jpg,0
KazHing8169.jpg,0
KazHing8170.jpg,0
KazHing8173.jpg,1
KazHing8175.jpg,1
KazHing8177.jpg,0
KazHing8183.jpg,0
KazHing8186.jpg,1
KazHing8187.jpg,1
KazHing8189.jpg,0
KazHing8190.jpg,1
KazHing8191.jpg,0
KazHing8193.jpg,0
KazHing8196.jpg,0
KazHing8198.jpg,0
KazHing8209.jpg,0
KazHing8210.jpg,0
KazHing8212.jpg,0
KazHing8214.jpg,0
KazHing8219.jpg,0
KazHing8231.jpg,1
KazHing8236.jpg,0
KazHing8239.jpg,0
KazHing8248.jpg,0
KazHing8249.jpg,0
KazHing8252.jpg,1
KazHing8255.jpg,0
KazHing8261.jpg,0
KazHing8265.jpg,0
KazHing8268.jpg,0
KazHing8273.jpg,0
KazHing8281.jpg,0
KazHing8286.jpg,0
KazHing8324.jpg,0
KazHing8332.jpg,0
MaggieCruickshank8350.jpg,0
MaggieCruickshank8356.jpg,0
MaggieCruickshank8358.jpg,0
MaggieCruickshank8360.jpg,0
MaggieCruickshank8363.jpg,0
MaggieCruickshank8365.jpg,0
MaggieCruickshank8366.jpg,0
MaggieCruickshank8367.jpg,0
MaggieCruickshank8369.jpg,1
MaggieCruickshank8372.jpg,0
MaggieCruickshank8373.jpg,0
MaggieCruickshank8375.jpg,1
MaggieCruickshank8376.jpg,0
MaggieCruickshank8382.jpg,1
MaggieCruickshank8399.jpg,0
MaggieCruickshank8407.jpg,0
MaggieCruickshank8417.jpg,1
MaggieCruickshank8418.jpg,0
MaggieCruickshank8420.jpg,0
MaggieCruickshank8428.jpg,1
MaggieCruickshank8434.jpg,1
MaggieCruickshank8436.jpg,0
MaggieCruickshank8437.jpg,0
MikeBurnett8444.jpg,1
MikeBurnett8446.jpg,1
MikeBurnett8453.jpg,0
MikeBurnett8460.jpg,1
MikeBurnett8463.jpg,0
MikeBurnett8468.jpg,1
MikeBurnett8471.jpg,0
MikeBurnett8476.jpg,0
MikeBurnett8482.jpg,0
MikeBurnett8483.jpg,0
MikeBurnett8484.jpg,0
MikeBurnett8486.jpg,0
MikeBurnett8487.jpg,1
MikeBurnett8488.jpg,0
MikeBurnett8490.jpg,1
MikeBurnett8491.jpg,0
MikeBurnett8492.jpg,0
MikeBurnett8493.jpg,1
MikeBurnett8494.jpg,1
MikeBurnett8501.jpg,1
MikeBurnett8503.jpg,1
MikeBurnett8504.jpg,1
MikeBurnett8505.jpg,1
MikeBurnett8507.jpg,0
MikeBurnett8511.jpg,0
MikeBurnett8513.jpg,0
MikeBurnett8515.jpg,1
MikeBurnett8518.jpg,1
MikeBurnett8519.jpg,1
MikeBurnett8524.jpg,1
MikeBurnett8530.jpg,0
MikeBurnett8537.jpg,1
MikeBurnett8560.jpg,0
MikeBurnett8575.jpg,0
MikeBurnett8581.jpg,0
MikeBurnett8582.jpg,0
MikeBurnett8587.jpg,0
MikeBurnett8591.jpg,0
MikeBurnett8594.jpg,0
MikeBurnett8596.jpg,1
MikeBurnett8597.jpg,0
MikeBurnett8601.jpg,1
MikeBurnett8604.jpg,1
MikeBurnett8606.jpg,1
MikeBurnett8608.jpg,1
MikeBurnett8609.jpg,1
MikeBurnett8610.jpg,1
MikeBurnett8613.jpg,0
MikeBurnett8617.jpg,0
MikeBurnett8665.jpg,0
MikeBurnett8688.jpg,1
MikeBurnett8705.jpg,1
MikeBurnett8707.jpg,0
MikeBurnett8710.jpg,0
MikeBurnett8711.jpg,0
MikeBurnett8714.jpg,0
MikeBurnett8717.jpg,0
MikeBurnett8720.jpg,0
MikeBurnett8723.jpg,0
MikeBurnett8724.jpg,0
MikeBurnett8727.jpg,1
MikeBurnett8728.jpg,1
MikeBurnett8731.jpg,0
MikeBurnett8733.jpg,0
MikeBurnett8734.jpg,1
MikeBurnett8738.jpg,1
MikeBurnett8740.jpg,1
MikeBurnett8741.jpg,0
MikeBurnett8743.jpg,0
MikeBurnett8744.jpg,0
MikeBurnett8746.jpg,0
MikeBurnett8749.jpg,0
MikeBurnett8751.jpg,0
MikeBurnett8754.jpg,1
MikeBurnett8757.jpg,1
MikeBurnett8759.jpg,1
MikeBurnett8761.jpg,1
MikeBurnett8767.jpg,1
MikeBurnett8769.jpg,1
MikeBurnett8771.jpg,1
MikeBurnett8772.jpg,1
MikeBurnett8775.jpg,0
MikeBurnett8778.jpg,1
MikeBurnett8783.jpg,1
MikeBurnett8787.jpg,0
MikeBurnett8788.jpg,1
MikeBurnett8794.jpg,1
MikeBurnett8796.jpg,1
MikeBurnett8797.jpg,1
MikeBurnett8800.jpg,0
MikeBurnett8803.jpg,0
MikeBurnett8804.jpg,1
MikeBurnett8812.jpg,0
MikeBurnett8813.jpg,0
MikeBurnett8818.jpg,1
MikeBurnett8822.jpg,1
MikeBurnett8825.jpg,0
MikeBurnett8830.jpg,1
MikeBurnett8840.jpg,0
MikeBurnett8845.jpg,0
MikeBurnett8849.jpg,1
MikeBurnett8855.jpg,1
MikeBurnett8858.jpg,0
MikeBurnett8861.jpg,1
MikeBurnett8862.jpg,0
MikeBurnett8864.jpg,0
MikeBurnett8867.jpg,1
MikeBurnett8873.jpg,1
MikeBurnett8875.jpg,1
MikeBurnett8877.jpg,1
MikeBurnett8878.jpg,1
MikeBurnett8881.jpg,0
MikeBurnett8884.jpg,1
MikeBurnett8886.jpg,0
MikeBurnett8890.jpg,1
MikeBurnett8902.jpg,0
MikeBurnett8904.jpg,0
MikeBurnett8905.jpg,1
MikeBurnett8914.jpg,1
MikeBurnett8915.jpg,1
MikeBurnett8918.jpg,1
MikeBurnett8919.jpg,0
MikeBurnett8922.jpg,0
MikeBurnett8923.jpg,1
MikeBurnett8925.jpg,1
MikeBurnett8927.jpg,0
MikeBurnett8930.jpg,1
MikeBurnett8942.jpg,0
MikeBurnett8943.jpg,0
MikeBurnett8944.jpg,0
MikeBurnett8945.jpg,0
MikeBurnett8950.jpg,1
MikeBurnett8956.jpg,0
MikeBurnett8961.jpg,0
MikeBurnett8963.jpg,1
MikeBurnett8964.jpg,1
MikeBurnett8969.jpg,1
MikeBurnett8970.jpg,1
MikeBurnett8972.jpg,0
MikeBurnett8978.jpg,1
MikeBurnett8979.jpg,0
MikeBurnett8980.jpg,0
MikeBurnett8981.jpg,0
MikeBurnett8982.jpg,0
MikeBurnett8983.jpg,0
MikeBurnett8984.jpg,0
MikeBurnett8986.jpg,0
MikeBurnett9009.jpg,0
MikeBurnett9014.jpg,0
MikeBurnett9021.jpg,0
MikeBurnett9024.jpg,0
NataliaGale9028.jpg,1
NataliaGale9029.jpg,1
NataliaGale9030.jpg,0
NataliaGale9033.jpg,0
NataliaGale9036.jpg,1
NataliaGale9038.jpg,0
NataliaGale9040.jpg,0
NataliaGale9042.jpg,0
NataliaGale9043.jpg,0
NataliaGale9047.jpg,0
NataliaGale9052.jpg,0
NataliaGale9054.jpg,1
NataliaGale9055.jpg,1
NataliaGale9056.jpg,1
NataliaGale9058.jpg,1
NataliaGale9068.jpg,1
NataliaGale9081.jpg,1
NataliaGale9087.jpg,1
NataliaGale9089.jpg,1
NataliaGale9090.jpg,0
NataliaGale9091.jpg,1
NataliaGale9093.jpg,1
NataliaGale9095.jpg,1
NataliaGale9096.jpg,1
NataliaGale9133.jpg,0
NataliaGale9199.jpg,0
NataliaGale9211.jpg,0
NataliaGale9214.jpg,0
NataliaGale9299.jpg,1
NataliaGale9300.jpg,0
NataliaGale9302.jpg,0
NataliaGale9357.jpg,0
NataliaGale9410.jpg,0
NataliaGale9425.jpg,0
NataliaGale9450.jpg,0
NataliaGale9461.jpg,0
NataliaGale9495.jpg,0
NataliaGale9507.jpg,0
NataliaGale9526.jpg,1
NataliaGale9530.jpg,0
NataliaGale9556.jpg,0
NataliaGale9564.jpg,1
NataliaGale9575.jpg,1
NataliaGale9580.jpg,1
NataliaGale9594.jpg,0
NataliaGale9597.jpg,1
NataliaGale9676.jpg,0
NataliaGale9680.jpg,0
NataliaGale9767.jpg,1
NataliaGale9775.jpg,0
NataliaGale9787.jpg,0
NataliaGale9789.jpg,0
NataliaGale9790.jpg,0
NataliaGale9908.jpg,1
NataliaGale9934.jpg,0
NataliaGale9950.jpg,0
NataliaGale9993.jpg,0
NataliaGale9995.jpg,0
NataliaGale9996.jpg,0
NataliaGale10004.jpg,0
NataliaGale10031.jpg,0
NataliaGale10060.jpg,0
NataliaGale10061.jpg,0
NataliaGale10076.jpg,0
NataliaGale10082.jpg,0
NataliaGale10083.jpg,0
NataliaGale10123.jpg,0
NataliaGale10124.jpg,0
NataliaGale10134.jpg,0
NataliaGale10184.jpg,0
NataliaGale10248.jpg,0
NataliaGale10269.jpg,0
NataliaGale10284.jpg,0
NataliaGale10291.jpg,0
NataliaGale10308.jpg,0
NataliaGale10327.jpg,0
NataliaGale10343.jpg,0
NataliaGale10384.jpg,0
NataliaGale10399.jpg,0
NataliaGale10407.jpg,0
NataliaGale10441.jpg,0
NataliaGale10444.jpg,0
NataliaGale10462.jpg,0
NataliaGale10477.jpg,0
NataliaGale10491.jpg,0
NataliaGale10510.jpg,0
NataliaGale10519.jpg,0
NataliaGale10553.jpg,0
NataliaGale10555.jpg,0
NataliaGale10564.jpg,0
NataliaGale10569.jpg,0
NataliaGale10582.jpg,0
NataliaGale10591.jpg,0
NataliaGale10592.jpg,0
NataliaGale10599.jpg,0
NataliaGale10613.jpg,0
NataliaGale10629.jpg,0
NataliaGale10647.jpg,0
NataliaGale10659.jpg,0
NataliaGale10720.jpg,1
NataliaGale10727.jpg,1
NataliaGale10745.jpg,0
NataliaGale10760.jpg,0
NataliaGale10761.jpg,0
NataliaGale10762.jpg,0
NataliaGale10763.jpg,0
NataliaGale10764.jpg,0
NataliaGale10765.jpg,0
NataliaGale10766.jpg,0
NataliaGale10767.jpg,0
NataliaGale10799.jpg,0
NataliaGale10800.jpg,1
NataliaGale10816.jpg,0
NataliaGale10846.jpg,0
NataliaGale10858.jpg,0
NataliaGale10883.jpg,0
NataliaGale10917.jpg,0
NataliaGale10924.jpg,0
NataliaGale10942.jpg,0
NataliaGale10967.jpg,0
NataliaGale10976.jpg,0
NataliaGale11006.jpg,0
NataliaGale11009.jpg,0
NataliaGale11015.jpg,0
NataliaGale11020.jpg,0
NataliaGale11063.jpg,0
NataliaGale11070.jpg,1
NataliaGale11074.jpg,0
NataliaGale11076.jpg,0
NataliaGale11097.jpg,0
NataliaGale11108.jpg,0
NataliaGale11137.jpg,0
NataliaGale11145.jpg,0
NataliaGale11146.jpg,0
NataliaGale11162.jpg,0
NataliaGale11183.jpg,0
NataliaGale11184.jpg,1
NataliaGale11186.jpg,0
NataliaGale11218.jpg,0
NataliaGale11232.jpg,1
NataliaGale11268.jpg,0
NataliaGale11277.jpg,0
NataliaGale11287.jpg,0
NataliaGale11358.jpg,0
NataliaGale11375.jpg,0
NataliaGale11392.jpg,0
NataliaGale11399.jpg,1
NataliaGale11400.jpg,0
NataliaGale11401.jpg,1
NataliaGale11415.jpg,0
NataliaGale11424.jpg,1
NataliaGale11427.jpg,0
NataliaGale11429.jpg,0
NataliaGale11483.jpg,0
NataliaGale11485.jpg,0
NataliaGale11493.jpg,0
NataliaGale11496.jpg,1
NataliaGale11500.jpg,1
NataliaGale11504.jpg,1
NataliaGale11508.jpg,1
NataliaGale11511.jpg,0
NataliaGale11515.jpg,0
NataliaGale11521.jpg,0
NataliaGale11522.jpg,0
NataliaGale11524.jpg,1
NataliaGale11529.jpg,0
NataliaGale11531.jpg,1
NataliaGale11532.jpg,0
NataliaGale11534.jpg,1
NataliaGale11535.jpg,0
NataliaGale11537.jpg,0
NataliaGale11716.jpg,0
NataliaGale11719.jpg,0
NataliaGale11726.jpg,0
NataliaGale11738.jpg,0
NataliaGale11797.jpg,0
NataliaGale11805.jpg,0
NataliaGale11826.jpg,0
NataliaGale11838.jpg,0
NataliaGale11952.jpg,0
NataliaGale11994.jpg,1
NataliaGale12012.jpg,0
NataliaGale12028.jpg,1
NataliaGale12033.jpg,0
NataliaGale12038.jpg,0
NataliaGale12088.jpg,0
NataliaGale12094.jpg,0
NataliaGale12101.jpg,0
NataliaGale12105.jpg,0
NataliaGale12119.jpg,0
NataliaGale12130.jpg,1
NataliaGale12137.jpg,1
NataliaGale12167.jpg,0
NataliaGale12183.jpg,1
NataliaGale12205.jpg,0
NataliaGale12227.jpg,0
NataliaGale12281.jpg,0
NataliaGale12292.jpg,0
NataliaGale12327.jpg,0
NataliaGale12330.jpg,0
NataliaGale12339.jpg,0
NataliaGale12348.jpg,0
NataliaGale12358.jpg,1
NataliaGale12367.jpg,1
NataliaGale12388.jpg,0
NataliaGale12437.jpg,0
NataliaGale12450.jpg,0
NataliaGale12452.jpg,0
NataliaGale12455.jpg,0
NataliaGale12494.jpg,0
NataliaGale12538.jpg,0
NataliaGale12543.jpg,1
NataliaGale12606.jpg,0
NataliaGale12619.jpg,0
NataliaGale12629.jpg,0
NataliaGale12670.jpg,1
NataliaGale12672.jpg,1
NataliaGale12679.jpg,1
NataliaGale12686.jpg,0
NataliaGale12701.jpg,0
NataliaGale12719.jpg,0
NataliaGale12797.jpg,0
NataliaGale12833.jpg,0
NataliaGale12848.jpg,0
NataliaGale12849.jpg,0
NataliaGale12904.jpg,0
NataliaGale12912.jpg,0
PeterMcGee12967.jpg,1
PeterMcGee12968.jpg,0
PeterMcGee12969.jpg,0
PeterMcGee12970.jpg,1
PeterMcGee12971.jpg,0
PeterMcGee12973.jpg,1
PeterMcGee12976.jpg,0
PeterMcGee12978.jpg,0
PeterMcGee12982.jpg,0
PeterMcGee12991.jpg,1
PeterMcGee12993.jpg,0
PeterMcGee12994.jpg,0
PeterMcGee13000.jpg,1
PeterMcGee13007.jpg,1
PeterMcGee13009.jpg,1
PeterMcGee13011.jpg,1
PeterMcGee13024.jpg,0
PeterMcGee13025.jpg,0
PeterMcGee13030.jpg,0
PeterMcGee13034.jpg,0
PeterMcGee13035.jpg,0
PeterMcGee13037.jpg,0
PeterMcGee13040.jpg,1
PeterMcGee13042.jpg,1
PeterMcGee13049.jpg,1
PeterMcGee13050.jpg,1
PeterMcGee13053.jpg,1
PeterMcGee13054.jpg,1
PeterMcGee13057.jpg,0
PeterMcGee13059.jpg,0
PeterMcGee13061.jpg,0
PeterMcGee13062.jpg,0
PeterMcGee13063.jpg,0
PeterMcGee13064.jpg,1
PeterMcGee13066.jpg,1
PeterMcGee13069.jpg,1
PeterMcGee13073.jpg,0
PeterMcGee13074.jpg,1
PeterMcGee13080.jpg,1
PeterMcGee13090.jpg,0
PeterMcGee13091.jpg,0
PeterMcGee13100.jpg,0
PeterMcGee13102.jpg,1
PeterMcGee13113.jpg,0
PeterMcGee13117.jpg,0
RockySong13123.jpg,0
RockySong13132.jpg,0
RockySong13135.jpg,0
RockySong13145.jpg,1
RockySong13151.jpg,0
RockySong13152.jpg,0
RockySong13154.jpg,0
RockySong13160.jpg,1
RockySong13167.jpg,1
RockySong13168.jpg,1
RockySong13169.jpg,1
RockySong13170.jpg,1
RockySong13173.jpg,1
RockySong13174.jpg,1
RockySong13176.jpg,0
RockySong13177.jpg,1
RockySong13178.jpg,1
RockySong13179.jpg,0
RockySong13182.jpg,1
RockySong13183.jpg,1
RockySong13202.jpg,0
RockySong13210.jpg,1
RockySong13231.jpg,1
RockySong13237.jpg,0
RockySong13251.jpg,1
RockySong13255.jpg,0
RodrigoBicho13269.jpg,1
RodrigoBicho13327.jpg,1
RodrigoBicho13433.jpg,1
RodrigoBicho13435.jpg,1
RodrigoBicho13451.jpg,0
RodrigoBicho13476.jpg,0
RodrigoBicho13481.jpg,0
RodrigoBicho13512.jpg,1
RodrigoBicho13519.jpg,1
RodrigoBicho13525.jpg,1
RodrigoBicho13542.jpg,0
RodrigoBicho13572.jpg,0
RodrigoBicho13575.jpg,0
RodrigoBicho13664.jpg,0
RodrigoBicho13669.jpg,1
RodrigoBicho13672.jpg,1
RodrigoBicho13677.jpg,0
RodrigoBicho13679.jpg,0
RodrigoBicho13681.jpg,0
RodrigoBicho13684.jpg,0
RodrigoBicho13690.jpg,0
RodrigoBicho13714.jpg,1
RodrigoBicho13721.jpg,0
RodrigoBicho13746.jpg,0
RyanHerbert13772.jpg,0
RyanHerbert13773.jpg,1
SharonBromwich13782.jpg,0
SharonBromwich13790.jpg,0
SharonBromwich13795.jpg,0
SharonBromwich13796.jpg,0
SharonBromwich13803.jpg,1
SharonBromwich13807.jpg,0
SharonBromwich13808.jpg,0
SharonBromwich13812.jpg,1
SharonBromwich13815.jpg,0
SharonBromwich13817.jpg,0
SharonBromwich13820.jpg,0
SharonBromwich13827.jpg,0
SharonBromwich13838.jpg,0
SharonBromwich13847.jpg,0
SharonBromwich13853.jpg,0
SharonBromwich13857.jpg,0
SharonBromwich13862.jpg,1
SharonBromwich13867.jpg,0
SharonBromwich13868.jpg,0
SharonBromwich13872.jpg,0
SharonBromwich13873.jpg,0
SharonBromwich13881.jpg,0
SharonBromwich13885.jpg,1
SharonBromwich13891.jpg,0
SharonBromwich13896.jpg,0
SharonBromwich13898.jpg,0
SharonBromwich13903.jpg,0
SharonBromwich13906.jpg,1
SharonBromwich13911.jpg,0
SharonBromwich13916.jpg,0
SharonBromwich13918.jpg,0
SharonBromwich13924.jpg,0
SharonBromwich13925.jpg,0
SharonBromwich13932.jpg,0
SharonBromwich13953.jpg,0
SharonBromwich14000.jpg,0
SharonBromwich14005.jpg,0
SharonBromwich14011.jpg,0
SharonBromwich14021.jpg,0
SharonBromwich14036.jpg,1
SharonBromwich14044.jpg,0
SharonBromwich14049.jpg,0
SharonBromwich14055.jpg,0
SharonBromwich14063.jpg,0
SharonBromwich14065.jpg,0
SharonBromwich14071.jpg,0
SharonBromwich14081.jpg,0
SharonBromwich14086.jpg,0
SharonBromwich14088.jpg,0
SharonBromwich14096.jpg,0
SharonBromwich14102.jpg,0
SharonBromwich14104.jpg,1
SharonBromwich14109.jpg,1
SharonBromwich14115.jpg,0
SharonBromwich14122.jpg,0
SharonBromwich14126.jpg,1
SharonBromwich14127.jpg,0
SharonBromwich14141.jpg,0
SharonBromwich14153.jpg,0
SharonBromwich14159.jpg,0
SharonBromwich14161.jpg,0
SharonBromwich14162.jpg,0
SharonBromwich14164.jpg,0
SharonBromwich14172.jpg,1
SharonBromwich14184.jpg,0
SharonBromwich14190.jpg,1
SharonBromwich14195.jpg,0
SharonBromwich14199.jpg,0
SharonBromwich14206.jpg,0
SharonBromwich14215.jpg,0
SharonBromwich14235.jpg,0
SharonBromwich14236.jpg,0
SharonBromwich14247.jpg,0
SharonBromwich14252.jpg,0
SharonBromwich14253.jpg,0
SharonBromwich14255.jpg,0
SharonBromwich14260.jpg,0
SharonBromwich14264.jpg,1
SharonBromwich14271.jpg,0
SharonBromwich14275.jpg,1
SharonBromwich14278.jpg,0
SharonBromwich14280.jpg,0
SharonBromwich14291.jpg,0
SharonBromwich14293.jpg,0
SharonBromwich14304.jpg,0
SharonBromwich14315.jpg,0
SharonBromwich14317.jpg,1
SharonBromwich14323.jpg,0
SharonBromwich14324.jpg,1
SharonBromwich14338.jpg,0
SharonBromwich14344.jpg,0
SharonBromwich14349.jpg,1
SharonBromwich14354.jpg,1
SharonBromwich14358.jpg,0
SharonBromwich14361.jpg,0
SharonBromwich14363.jpg,0
SharonBromwich14368.jpg,0
SharonBromwich14371.jpg,0
SharonBromwich14376.jpg,1
SharonBromwich14380.jpg,1
SharonBromwich14383.jpg,0
SharonBromwich14398.jpg,0
SharonBromwich14401.jpg,0
SharonBromwich14407.jpg,0
SharonBromwich14408.jpg,0
SharonBromwich14415.jpg,0
SharonBromwich14418.jpg,1
SharonBromwich14419.jpg,0
SharonBromwich14422.jpg,0
SharonBromwich14430.jpg,0
SharonBromwich14441.jpg,0
SharonBromwich14442.jpg,0
SharonBromwich14447.jpg,0
SharonBromwich14456.jpg,0
SharonBromwich14457.jpg,0
SharonBromwich14463.jpg,0
SharonBromwich14467.jpg,0
SharonBromwich14468.jpg,0
SharonBromwich14472.jpg,0
SharonBromwich14474.jpg,0
SharonBromwich14477.jpg,0
SharonBromwich14478.jpg,0
SharonBromwich14482.jpg,0
SharonBromwich14492.jpg,1
SharonBromwich14499.jpg,0
SharonBromwich14501.jpg,0
SharonBromwich14508.jpg,0
SharonBromwich14511.jpg,1
SharonBromwich14513.jpg,0
SharonBromwich14516.jpg,0
SharonBromwich14524.jpg,0
SharonBromwich14533.jpg,1
SharonBromwich14534.jpg,0
SharonBromwich14536.jpg,1
SharonBromwich14547.jpg,0
SharonBromwich14556.jpg,0
SharonBromwich14559.jpg,1
SharonBromwich14561.jpg,1
SharonBromwich14572.jpg,1
SharonBromwich14578.jpg,0
SharonBromwich14585.jpg,1
SharonBromwich14596.jpg,0
SharonBromwich14597.jpg,1
SharonBromwich14598.jpg,0
SharonBromwich14605.jpg,0
SharonBromwich14608.jpg,0
SharonBromwich14615.jpg,0
SharonBromwich14619.jpg,0
SharonBromwich14630.jpg,0
SharonBromwich14634.jpg,1
SueLiu14639.jpg,1
SueLiu14640.jpg,1
SueLiu14641.jpg,0
SueLiu14642.jpg,1
SueLiu14643.jpg,1
SueLiu14644.jpg,0
SueLiu14646.jpg,1
SueLiu14647.jpg,1
SueLiu14648.jpg,1
SueLiu14649.jpg,1
SueLiu14650.jpg,1
SueLiu14651.jpg,1
SueLiu14653.jpg,1
SueLiu14661.jpg,0
SueLiu14669.jpg,0
SueLiu14670.jpg,1
SueLiu14671.jpg,1
SueLiu14672.jpg,0
SueLiu14673.jpg,1
SueLiu14674.jpg,1
SueLiu14675.jpg,1
SueLiu14676.jpg,0
SueLiu14678.jpg,0
SueLiu14679.jpg,0
SueLiu14680.jpg,1
SueLiu14681.jpg,1
SueLiu14682.jpg,0
SueLiu14683.jpg,0
SueLiu14684.jpg,1
SueLiu14685.jpg,0
SueLiu14694.jpg,0
SueLiu14696.jpg,1
SueLiu14698.jpg,1
SueLiu14703.jpg,0
SueLiu14705.jpg,0
SueLiu14706.jpg,1
SueLiu14726.jpg,1
SueLiu14727.jpg,0
SueLiu14729.jpg,0
SueLiu14730.jpg,1
SueLiu14739.jpg,1
SueLiu14740.jpg,0
SueLiu14747.jpg,0
SueLiu14766.jpg,0
SueLiu14773.jpg,0
SueLiu14775.jpg,0
SueLiu14776.jpg,0
SueLiu14778.jpg,1
SueLiu14779.jpg,0
SueLiu14780.jpg,1
SueLiu14781.jpg,0
SueLiu14782.jpg,1
SueLiu14783.jpg,0
SueLiu14786.jpg,1
SueLiu14790.jpg,1
SueLiu14792.jpg,0
SueLiu14793.jpg,0
SueLiu14794.jpg,1
SueLiu14795.jpg,1
SueLiu14799.jpg,0
SueLiu14801.jpg,1
SueLiu14826.jpg,1
SueLiu14851.jpg,0
SueLiu14858.jpg,0
SueLiu14868.jpg,0
SusanPark14879.jpg,0
SusanPark14882.jpg,0
SusanRajska14884.jpg,1
SusanRajska14885.jpg,0
SusanRajska14889.jpg,0
SusanRajska14890.jpg,0
SusanRajska14891.jpg,0
SusanRajska14899.jpg,0
SusanRajska14900.jpg,0
SusanRajska14902.jpg,0
SusanRajska14905.jpg,0
SusanRajska14906.jpg,0
SusanRajska14907.jpg,0
SusanRajska14908.jpg,0
SusanRajska14912.jpg,0
SusanRajska14916.jpg,0
SusanRajska14918.jpg,0
SusanRajska14919.jpg,0
SusanRajska14927.jpg,0
SusanRajska14928.jpg,0
SusanRajska14934.jpg,0
SusanRajska14937.jpg,0
SusanRajska14939.jpg,0
SusanRajska14946.jpg,0
SusanRajska14950.jpg,0
SusanRajska14952.jpg,1
SusanRajska14956.jpg,0
SusanRajska14960.jpg,0
SusanRajska14972.jpg,0
SusanRajska14974.jpg,0
SusanRajska14979.jpg,0
SusanRajska14982.jpg,0
SusanRajska14999.jpg,0
SusanRajska15014.jpg,0
SusanRajska15016.jpg,1
SusanRajska15017.jpg,1
SusanRajska15018.jpg,1
SusanRajska15021.jpg,1
SusanRajska15022.jpg,1
SusanRajska15023.jpg,0
SusanRajska15024.jpg,0
SusanRajska15025.jpg,1
SusanRajska15026.jpg,0
SusanRajska15027.jpg,1
SusanRajska15028.jpg,0
SusanRajska15031.jpg,1
SusanRajska15039.jpg,0
SusanRajska15040.jpg,0
SusanRajska15041.jpg,1
SusanRajska15042.jpg,1
SusanRajska15043.jpg,1
SusanRajska15044.jpg,1
SusanRajska15045.jpg,0
SusanRajska15047.jpg,1
SusanRajska15051.jpg,1
SusanRajska15054.jpg,1
SusanRajska15055.jpg,0
SusanRajska15060.jpg,0
SusanRajska15063.jpg,0
SusanRajska15064.jpg,0
SusanRajska15065.jpg,1
SusanRajska15066.jpg,0
SusanRajska15067.jpg,0
SusanRajska15068.jpg,0
SusanRajska15070.jpg,0
SusanRajska15071.jpg,0
SusanRajska15075.jpg,1
SusanRajska15079.jpg,1
SusanRajska15080.jpg,1
SusanRajska15081.jpg,1
SusanRajska15082.jpg,0
SusanRajska15084.jpg,0
SusanRajska15085.jpg,0
SusanRajska15086.jpg,0
SusanRajska15087.jpg,0
SusanRajska15088.jpg,0
SusanRajska15089.jpg,0
SusanRajska15090.jpg,0
SusanRajska15091.jpg,1
SusanRajska15092.jpg,1
SusanRajska15094.jpg,1
SusanRajska15096.jpg,0
SusanRajska15097.jpg,0
SusanRajska15101.jpg,1
SusanRajska15109.jpg,0
SusanRajska15114.jpg,0
SusanRajska15115.jpg,1
SusanRajska15116.jpg,0
SusanRajska15118.jpg,0
SusanRajska15119.jpg,1
SusanRajska15122.jpg,0
SusanRajska15123.jpg,0
SusanRajska15124.jpg,0
SusanRajska15125.jpg,0
SusanRajska15127.jpg,0
SusanRajska15128.jpg,0
TaliaGreis15129.jpg,0
TaliaGreis15139.jpg,0
TaliaGreis15147.jpg,0
TaliaGreis15148.jpg,0
TaliaGreis15152.jpg,1
TaliaGreis15155.jpg,0
TaliaGreis15156.jpg,0
TaliaGreis15157.jpg,0
TaliaGreis15160.jpg,0
TaliaGreis15161.jpg,1
TaliaGreis15162.jpg,1
TarahSlattery15168.jpg,1
TarahSlattery15170.jpg,1
TarahSlattery15172.jpg,1
TarahSlattery15174.jpg,1
TarahSlattery15178.jpg,0
TarahSlattery15181.jpg,0
TarahSlattery15183.jpg,0
TarahSlattery15185.jpg,1
TarahSlattery15187.jpg,0
TarahSlattery15189.jpg,0
TarahSlattery15191.jpg,0
TarahSlattery15193.jpg,0
TiagoRosa15196.jpg,0
TiagoRosa15197.jpg,0
TiagoRosa15199.jpg,0
TiagoRosa15207.jpg,1
TiagoRosa15214.jpg,1
TiagoRosa15217.jpg,1
TiagoRosa15219.jpg,1
TiagoRosa15222.jpg,1
TiagoRosa15224.jpg,0
TiagoRosa15226.jpg,1
TiagoRosa15227.jpg,1
TiagoRosa15228.jpg,1
TiagoRosa15230.jpg,1
TiagoRosa15231.jpg,1
TiagoRosa15233.jpg,1
TiagoRosa15234.jpg,0
TiagoRosa15238.jpg,1
TiagoRosa15243.jpg,1
TiagoRosa15244.jpg,1
